1,"[512, 10977, 707, 10300, 928, 198, 2651, 7, 2473, 6493, 512, 12693, 1347, 1803, 1104, 198, 518, 707, 10310, 4342, 707, 785, 854, 1349, 1044, 881, 2939, 10870, 917, 978, 5079, 517, 1339, 917, 15965, 726, 14061, 13214, 918, 2014, 785, 2380, 707, 6259, 955, 7419, 518, 1672, 1672, 707, 724, 7914, 198, 198, 2961, 5117, 1145, 2961, 1104, 13995, 1870, 510, 15044, 726, 15842, 181, 7639, 953, 6812, 2579, 707, 518, 10584, 1360, 510, 2794, 4572, 707, 3720, 7100, 2843, 4971]"
2,"[198, 514, 512, 10040, 856, 8347, 198, 754, 1145, 517, 7]"
3,[10794]
4,"[4266, 10676, 4271, 4267, 20, 4970, 1134, 14092, 28, 4013, 2751, 4266, 2755, 7921, 3, 47, 7914, 4271, 47, 1260, 13727]"
5,"[3221, 2151, 785, 13846, 503, 18205, 821, 10895, 809, 1555, 181, 2370, 812, 2765, 785, 809, 1563, 1550, 842, 4265, 2970, 8247, 3820, 1264, 826, 1264]"
6,"[10092, 5583, 36, 16021, 864, 11087, 2961, 2944, 1714, 6257, 1104, 1104, 4510, 5079]"
7,"[3901, 4985, 2664, 1263, 3416, 955, 1931, 10865, 18453, 4949]"
9,"[24, 11103, 1314]"
12,[37]
13,"[6949, 6176, 962, 697, 8676, 1062, 748, 703, 1609, 154, 2681, 1971, 2681, 12885, 11051, 73, 63, 13393, 2616, 1824, 5927, 3861, 5412, 433, 18708, 8790, 592, 16374, 748, 981, 57, 610, 16463, 8230, 599, 15880, 16666, 8068, 17486, 6762, 8597, 6949, 4113, 1772, 5480, 1007, 18037, 2075, 151, 73, 962, 10719, 7018, 9974, 18229, 207, 8219, 525, 53, 5700, 265, 18587, 221, 16745, 5249, 17819]"
14,"[1098, 9356, 6158, 18038, 16324, 93, 1747, 17450, 6177, 3405, 11530, 1715, 727, 2161, 6948, 418, 2075, 5480, 763, 63, 1731, 9337, 15688, 15315, 418, 18040, 748, 8597, 102, 2676, 748, 11621, 747, 5059, 5052, 389, 137, 103, 606, 6757, 11209, 6150, 72, 7021, 7876, 9970, 11978, 433, 18040, 2695, 1075, 6764, 5503, 3702, 2691, 3520, 238, 11802, 18042, 4126, 3875, 5360, 9540, 454, 11606, 6160, 780, 418]"
15,"[18715, 2605, 389, 2677, 6949, 7007, 2149, 8232, 7031, 5868, 17510, 2605, 13173, 70, 4402, 9974, 52, 16474, 10519, 8201, 7484, 5359, 4852, 4153, 8068, 3132, 11203, 3504, 5478, 9355, 6762, 1943, 4735]"
16,"[1424, 612, 7343, 441, 1017, 59, 7927, 9338, 4132, 1015, 3441, 2937, 9980, 98, 889, 3366, 1066, 51, 450, 72, 10633, 2027, 2629, 11963, 187, 1878, 995, 985, 18158, 1883, 15637, 72, 72, 59, 998, 14523, 1151, 432, 550, 5912, 9629, 441, 877, 3281, 2567, 7927, 1090, 75, 7347, 1898, 9338, 59, 9727, 511, 1151, 5785, 1885, 1079, 51, 3299, 3768, 13671, 2571, 187, 7880, 1892, 432, 18599, 159, 4704, 72, 1013, 5260, 159, 2552, 159, 1889, 59, 229, 877, 7343]"
17,"[13190, 1895, 3988, 62, 9969, 1084, 9980, 880, 6698, 997, 4118, 15546, 100, 1895, 10625, 1902, 72, 51, 13202, 993, 51, 98, 193, 7347, 89]"
18,"[2081, 1000, 7382, 16574, 464, 13932, 67, 1013, 1098, 80, 10174, 15955, 5149, 757, 4728, 1410, 4317, 6177, 238, 13754, 4117, 13008, 1062, 6585, 11187, 997, 7934, 233, 1270, 292, 991, 1300, 1335, 5670, 1073, 466, 174, 300, 3411, 2671, 1403, 16200, 154, 691, 15236, 1400, 744, 5922, 183, 10433, 12002, 70, 3948, 766, 3441, 1398, 991, 291, 10524, 6544, 6150, 3673, 6762, 546, 1017, 10383, 744, 289, 1099, 9766, 9980, 1379, 2582, 3413, 1398, 80, 16745, 9163, 1401, 691, 2602, 237, 81, 2712, 72, 5920, 15624, 1218, 4734, 1001, 1745, 3411, 7343, 6045, 3995, 1401, 1075, 18650, 4303, 3695, 6760, 15675, 5360, 72, 1486, 616, 8790, 1713, 12013, 998, 1009, 9504, 3339, 11203, 691, 16493, 526, 10631, 4732, 6008, 10516, 1034, 11897, 12994, 2137, 298, 6520, 4861, 3502, 907, 16973, 1486, 603, 4863, 11190, 3164, 748, 1155, 1019, 7649, 9285, 88, 5027, 6763, 1827, 9289, 1902, 3863, 80, 2121, 14269, 1013, 748, 70, 17819, 15800, 233, 1898, 757, 691, 17583, 4974, 548, 66, 1098, 59, 15547, 72, 32, 4311, 3875, 757, 1098, 238, 306, 894, 1752, 6915, 154, 6374, 5670, 8789, 997, 1019, 1745, 6177, 703, 4024, 6547, 6544, 167, 3686, 1409, 1398, 4308, 18154, 1191, 1400, 154, 1073, 18067, 441, 12759, 627, 8597, 11030, 4561, 10685, 2083, 3730, 107, 968, 4727, 520, 324, 13312, 59, 88, 8068, 5111, 1396, 1226, 8023, 16361, 10569, 89, 4649, 4609, 777, 4720, 10122, 13198, 14285, 1104, 546, 11117, 753, 8582, 529, 4420, 1001, 16617, 1965, 1075, 4387, 485, 289, 12363]"
19,"[880, 59, 5255, 9288, 67]"
20,"[18232, 15457, 73, 52, 1835, 16336, 7781, 15919, 1801, 4113, 8221]"
21,"[748, 6045, 1098, 15675, 1394, 5180, 81, 54, 2831, 238, 3164, 7821, 1098, 7811, 3164, 18234, 18229, 18229, 7821, 8607, 13145, 52, 18198, 2616, 9498, 3861, 1787, 5197, 7810, 4113, 1824, 10524, 1787, 66, 1787, 10522, 6045, 5475, 15662, 16196, 81, 4316, 10391, 1824, 1790, 2672, 10172, 18242, 4113, 16745]"
22,"[183, 18724]"
23,"[12745, 727, 63, 8699, 63, 2060, 17613, 15707, 18041, 727, 5713]"
24,"[1090, 4351, 293, 5950, 3700, 3915, 4720, 1246, 294, 889, 8573, 9387, 889, 227, 227, 2086, 241, 5591, 3308, 18660, 790, 187, 2609, 2936, 701, 320, 55, 1798, 285, 311, 290, 292, 11348, 2469, 903, 627, 15752, 533, 466, 4705, 2533, 288, 8067, 333, 3557, 292, 157, 15544, 3311, 1892, 293, 10462, 298, 5534, 1081, 325, 1795, 2031, 3079, 1464, 289, 4810, 285, 466, 2031, 340, 10604, 6427, 1609, 1076, 1464, 349, 253, 2552, 1832, 295, 1580, 292, 1458, 961, 340, 735, 300, 1400, 4324, 8758, 548, 959, 1505, 300, 300, 1505, 349, 3186, 265, 157, 7932, 15167, 4562, 72, 4556, 11268, 1159, 887, 3468, 15645, 13599, 298, 349, 333, 8283, 17471, 9742, 1002, 611, 2571, 681, 1246, 458, 3867, 1451, 279, 1919, 298, 544, 325, 6735, 155, 972, 1243, 455, 159, 325, 288, 229, 16313, 534, 333, 475, 157, 1470, 306, 4297, 2544, 2783, 13742, 2609, 6722, 17153, 1242, 2277, 12561, 3796, 733, 525, 465, 1460, 72, 4326, 15361, 1463, 317, 289, 6777, 86, 10233, 89, 2523, 318, 10327, 55, 2544, 167, 11219, 11155, 9754, 301, 2548, 525, 1505, 301, 3119, 344, 1453, 289, 296, 1447, 316, 959, 67, 333, 294, 268, 344, 715, 257, 288, 289, 1444, 5254, 17515, 2977, 1013, 307, 3426, 1017, 4713, 7290, 3075, 298, 3490, 227, 17702, 89, 1601, 54, 2531, 786, 95, 14525, 311, 462, 9423, 312, 466, 291, 227, 300, 1941, 972, 289, 16859, 292, 292, 1090, 180, 644, 253, 299, 601, 295, 5170, 475, 530, 1601, 4686, 289, 292, 1571, 681, 2662, 2044, 347, 3194, 701]"
25,"[253, 8823, 1006, 180, 2027, 15643, 100, 7759, 1892, 1346, 1534, 5010, 2347, 13158, 1014, 75, 877, 1249, 4180, 1895, 864, 157, 857, 2027, 77, 1001, 18503, 72, 192, 2567, 17568, 1261, 11042, 6714, 2842, 852, 1110, 3448, 55, 83, 1003, 998, 1014, 2027, 1001, 3791, 994, 715, 857, 2027, 1031, 5123, 612, 1464, 11930, 2938, 1464, 67, 2531, 997, 12817, 16624, 2531, 98, 951, 18737, 3201, 4915, 59, 1795, 10626, 180, 4130, 9338, 1886, 13268, 1883, 3067, 724, 1468, 2343, 1899, 59, 789, 13426, 59, 1001, 17332, 193, 4153, 4494, 53, 994, 1015, 7880, 193, 6714, 12400, 5452, 1014, 707, 3067, 5257, 1000, 193, 96, 712, 1249, 9426, 1834, 612, 1249, 85, 9969, 1001, 59, 2027, 429, 5452, 10766]"
26,"[13145, 506, 16497, 13434, 84, 11267, 6152, 14860, 6252, 6582, 858, 703, 8555, 506, 506]"
27,"[4147, 3280, 8369, 15603]"
28,"[1073, 6198]"
30,"[15299, 1073, 7874, 877, 9685, 9680, 37, 1793, 10794, 722, 7643, 2039, 6198, 8689, 15298, 1313, 9263, 6742, 6748, 12581, 1123]"
32,"[633, 9716, 16778, 418, 9456, 11476, 9498, 6423]"
33,"[237, 14560, 863, 4396, 163, 5709, 154, 12505, 11638, 2668, 4853, 632, 3548, 2828, 17634, 18161, 2574, 3040, 2671, 1098, 3827, 1423, 4230, 4444, 767, 1983, 1701, 6178, 197, 5800, 3505, 2672, 17634, 2273, 4648, 454, 3902, 64, 1098, 5066, 3673, 10007, 2667, 13671, 5961, 107, 3057, 1504, 10370, 11638, 10391, 511, 2281, 237, 1171, 10174, 3505, 162, 964, 1781, 10616, 5580, 3702, 11272, 2558, 6424, 5805, 5804, 1745, 7051, 6187, 1131, 440, 2205, 1745, 407, 8703, 632, 3700, 1098, 3057, 17387, 592, 15362, 14005, 2375, 2681, 418, 3817, 418, 13054, 5716, 8068, 1970, 632, 1945, 1609, 15315, 7006, 993, 744, 4863, 6321]"
34,"[7031, 15799, 15783, 2675, 11200, 9766, 17296, 11203, 4734, 106, 11200, 1396, 18653, 6160, 10518, 3504]"
37,[12400]
38,"[18035, 6177]"
39,"[15451, 157, 283, 67, 3920, 2498, 4707, 55, 546, 1305, 3109, 289, 17516, 13646, 1397, 894, 355, 3918, 328, 531, 14529, 6376, 3413, 386, 12356, 1099, 289, 4814, 3988, 467, 289, 1674, 789, 4919, 18606, 67, 1674, 340, 4686, 67, 318, 1243, 787, 167, 466, 1016, 325, 1021, 4562, 1062, 6008, 325, 89, 3575, 1232, 3948, 18391, 80, 1021, 7193, 7193, 461, 157, 466, 2521, 2018, 532, 3978, 1394, 1407, 2092, 11344, 6502, 1052, 11341, 4024, 292, 2521, 2023, 2044, 468, 11139, 8789, 906, 1156, 386, 461, 530, 51, 1405, 70, 800, 72, 638, 466, 328, 95, 17577, 13375, 67, 59, 1571, 529, 5178, 305, 757, 349, 8497, 1198, 1892, 8497, 471, 1486, 292, 1244, 89, 289, 288, 4769, 13009, 1942, 67, 1399, 14906, 674, 318, 12124, 325, 3502, 10698, 701, 300, 56, 293, 9892, 7934, 300, 89, 3958, 1486]"
42,"[59, 1031, 3193, 6586]"
44,"[780, 18194, 16753, 17458]"
46,"[206, 5709, 1150, 2672, 462, 6760, 190, 26, 18371, 2524, 8533, 707]"
47,"[7493, 8214, 11208, 17045, 7695, 18229, 7013, 7699, 1745, 603, 756, 753, 2673, 603, 3519, 2158, 18071, 7031, 2673, 603, 7485, 772, 778, 7493, 13954, 18188, 5803, 8582, 17045, 6152, 4118, 7480]"
49,"[89, 425, 2905, 300, 89, 670, 1098, 344, 9504, 757, 386, 670, 7679, 11720, 2544, 903, 288, 641, 12351, 295, 466, 2086, 342, 295, 2640, 1081, 288, 322, 89]"
50,[101]
56,"[187, 3405, 506, 1112, 172, 867, 7, 173]"
59,"[1994, 751, 6966]"
61,"[14286, 487, 1711, 785, 5581, 50, 31, 1277, 5653, 7680, 5079, 12338, 1303, 14511, 13754, 631, 6257, 1104, 4318, 1292, 17955, 233, 9505, 32, 876, 2851, 2432, 11087, 11518, 1104, 10, 6871, 2471, 5609, 1253, 6130, 2471, 5299, 11518, 5583, 1104, 49, 6659, 1295, 7, 15564, 3551, 631, 30, 509, 1102, 233, 3244]"
62,[81]
66,"[93, 2811]"
67,"[5709, 22, 2482, 8026, 16055, 126, 3348]"
69,"[126, 3131, 7693, 7683, 3133, 3145, 3147]"
70,"[17203, 6038, 107]"
72,"[2343, 706, 2558, 13291, 2742, 1672, 1412, 1249, 2347, 918, 1803, 1974, 2780, 6254, 9873, 4680, 14584, 2569, 4567, 2351, 1351, 1372, 1351, 5841, 176, 6748, 982, 614, 707, 9347, 1249, 982, 226, 2797, 13276, 2795, 176, 3084, 176, 2855, 1358, 190, 163, 424, 706, 3859, 1412, 1369, 13123, 4179, 1873, 2796, 2343, 959, 2348, 2343, 176, 3946, 5244, 2742, 2785, 226, 1412, 706, 2343, 1672, 956, 2788, 488, 2380, 1145, 2183, 706, 6253, 3473, 982, 3470, 2787, 710, 1813, 1372, 1810, 5159, 1803, 726, 12911, 2780, 2347, 706, 724, 706, 8421, 982, 706, 1079, 472, 2343, 1803, 2898, 7419, 1372]"
73,"[599, 1812, 1045, 562, 2183, 618, 517, 536, 4432, 2783, 1905, 4074, 434, 1775, 708, 359, 11049, 8479, 18313, 234, 562, 859, 3393, 173, 7248, 2493, 227, 72, 2614, 1874, 1179, 4784, 704, 1132, 717, 1412, 4828, 1151, 1985, 182, 17424, 680, 2428, 10526, 3739, 226, 3427, 14646, 709, 1527, 1372, 511, 705, 13431, 192, 511, 3471, 1107, 683, 3616, 3279, 1246, 612, 293, 12318, 5550, 493, 180, 3556, 11518, 9347, 253, 1186, 380, 2783, 977, 618, 5729, 2346, 2439, 1520, 10827, 99, 4118, 253, 5237, 10825, 209, 6456, 209, 900, 425, 840, 605, 1988, 920, 497, 951, 1416, 486, 10080, 868, 12205, 10491, 461, 2792, 216, 863, 1974, 4363, 1874, 51, 2796, 982, 197, 8880, 1110, 366, 13051, 706, 859, 511, 735, 3026, 1154, 228, 683, 14534, 180, 3735, 210, 706, 6165, 51, 65, 709, 14061, 1090, 4802, 176, 1974, 1079, 5487, 229, 1718, 11515, 3558, 979, 5153, 15252, 8429, 429, 10748, 5417, 536, 810, 1905, 9076, 1090, 8195, 533, 378, 1044, 533, 1905, 1854, 11518, 1244, 1122, 7800, 253, 2789, 420, 868, 6250, 533, 512, 498, 1369, 12032, 1249, 7177, 285, 403, 902, 982, 190, 2855, 2265, 1098, 733, 159, 1249, 1044, 1814, 959, 378, 192, 965, 1116, 182, 6400, 156, 2347, 229, 8313, 6558, 10638, 1514, 302, 234, 732, 9528, 1360, 488, 1813, 9344, 6693, 1414, 6790, 209, 6257, 2591, 1002, 8163, 704, 493, 416, 197, 15457, 7452, 3719, 51, 12918, 7112, 10619, 408, 2788, 3011, 10537, 486, 293, 212, 1884, 3921, 234, 601, 1412, 5092, 378, 302, 3481, 707, 2361, 733, 854, 1034, 10196, 190, 868, 9416, 2624, 2554, 4179, 65, 371, 3616, 681, 166, 498, 1179, 12002, 1883, 863, 1412, 867, 173, 2861, 1048, 3558, 1468, 7800, 228, 17008, 2978, 209, 173, 51, 1090, 229, 65, 3258, 14132, 2271, 8770, 3758, 1241, 9751, 18529, 13710, 191, 14052, 546, 12717, 11819, 3462, 3436, 1090, 4432, 1090, 159, 618, 207, 709, 163, 405, 220, 490, 959, 523, 16586, 221, 225, 2535, 945, 1119, 2983, 220, 1249, 291, 3230, 683, 17933, 12348, 874, 2597, 65, 2977, 6249, 217, 715, 4307, 300, 2347, 209, 2346, 316, 230, 734, 599, 378, 2137, 523, 1660, 4444, 3753, 1122, 234, 472, 3470, 6453, 233, 1858, 378, 3749, 3859, 1878, 13452, 1701, 2855, 1760, 203, 2130, 16892, 1246, 959, 5780, 1650]"
74,"[72, 877, 58, 9869, 6714, 1014, 3768, 10728, 1320, 17084, 72, 13182, 7640, 1332, 8706, 875, 6150, 16614, 1019, 187, 878, 1891, 1895, 1062, 998, 32, 51, 72, 878, 75, 1067, 1062, 1296, 998, 3291, 16611, 72, 6883, 7344, 10739, 1084, 193, 1072, 2480, 13189, 8149, 3411, 1892, 1001, 64, 1019, 72, 3441, 72, 51, 1073]"
75,"[868, 1639, 16454, 868, 15985, 5844, 14378]"
76,"[7903, 2971, 14877, 6576, 7707, 13638, 9466, 944, 4692, 3779, 920, 1131, 2576, 1998, 188, 924, 1118, 6081, 2594, 506, 920, 6957, 13935, 4690, 2006, 944, 7051, 920, 3720]"
78,"[3097, 7725, 1378, 3084, 1510, 3739, 6570, 1510, 486, 1985, 2661, 65, 1958, 190, 6249, 234, 4177, 8459, 1807, 172, 855, 2130, 5416, 1116, 221, 7634, 6539, 497, 472, 154, 486, 979, 5217, 403, 173, 7074, 8350, 6724, 13528, 226, 3427, 961, 2614, 202, 173, 5216, 324, 1974, 8429, 3373, 6792, 2206, 499, 3666, 499, 7898, 3427, 1470, 1817, 228, 5027, 1246, 7947, 2352, 2130, 7406, 190, 7775, 234, 377, 534, 493, 173, 371, 2121, 439, 12918, 159, 11222, 488, 222, 488, 203, 979, 1247, 432, 3563, 173, 966, 2783, 498, 190, 15566, 1512, 15443, 1376, 7219, 2956, 3407, 166, 510, 982, 6146, 1105, 3106, 207, 486, 65, 65, 1246, 978, 227, 966, 3078, 1375, 1239, 7321, 4177, 8673, 808, 1866, 190, 860]"
79,"[2572, 170, 537, 1713, 5338, 12918, 237, 1154, 71, 2391, 858, 6127, 1118, 1707, 733, 159, 172, 209, 190, 863, 450, 12218, 978, 2639, 1103, 1116, 1406, 6240, 222, 605, 1858, 65, 3373, 1246, 230, 153, 18424, 173, 1609, 425, 4229, 9470, 154, 2277, 6249, 2390, 3275, 966, 969, 8873, 182, 2138, 209, 979, 383, 418, 497, 3753, 436, 196, 2614, 6453, 14359, 3440, 14455, 1799, 5440, 6439, 233, 1061, 4459, 716, 203, 173, 430, 159, 6726, 690, 173, 1151, 759, 209, 1486, 230, 5480, 716, 599, 15961, 234, 1201, 498, 173, 405, 2783, 1786, 198, 2632, 1118, 3992, 4179, 3255, 808, 2941, 173, 1098, 6677, 18529, 1150, 206, 154, 511, 1377, 222, 207, 4896, 3373, 378, 88, 1376, 2487, 999, 7532, 2661, 2346, 18515, 159, 5079, 88, 498, 855, 852, 12357, 14634, 11900, 423, 3298, 229, 3109, 14638, 1105, 4742, 967, 227, 1787, 154, 486, 222, 8418, 81, 418, 1958, 1390, 3129, 10901, 510, 991, 2531, 858, 433, 14058, 206, 533, 1061, 4371, 1504, 441, 10316, 228, 962, 228, 1239, 858, 512, 5684, 4742, 511, 2815, 716, 225, 8069, 223, 3258, 230, 222, 599, 234, 978, 618, 166, 14599, 8672, 18627, 88, 154, 599, 88, 416, 209, 1034, 366, 229, 439, 1089, 154, 2983, 71, 4488, 425, 186, 88, 5920, 1384, 533, 182, 229, 7927, 198, 12013, 9631, 58, 1890, 497, 182, 5429, 3193, 1977, 704, 3707, 6499, 230, 230, 12792, 2082, 1377, 3097, 88, 533, 867, 186, 2535, 493, 9324, 1246, 2986, 540, 683, 1974, 491, 525, 13416, 1376, 15687, 9187, 618, 16671, 2569, 377, 378, 377, 3243, 1383, 856, 8350, 81, 498, 971, 599, 3475, 858, 3450, 3781, 418, 11625, 5217, 4262, 1674]"
80,"[3471, 599, 3011, 2363, 599]"
81,"[229, 5966, 1934, 6680, 703, 53, 12918, 450, 204, 969, 225, 6295, 5524, 1090, 1048, 3373, 11811, 5553, 6034, 7781, 8054, 4468, 432, 14534, 10196, 1062, 3884, 190, 229, 2839, 366, 2407, 2632, 429, 5547, 3200, 217, 1090, 539, 7178, 1632, 229, 615, 629, 190, 171, 4444, 709, 7890, 419, 11484, 154, 9672, 3057, 425, 3205, 3258, 3733, 4118, 210, 18087, 6771, 2614, 13010, 2128, 1239, 14622, 14942, 12599, 9666, 11887, 15122, 7194, 3200, 1958, 691, 211, 10617, 3371, 420, 3399, 3371, 14685, 3616, 173, 425, 234, 65, 3110, 1043, 3706, 2601, 15771, 217, 424, 16345, 3068, 5926, 7187, 182, 324, 5027, 10766, 1376, 12362, 858, 5480, 10625, 2083, 629, 1390, 11265, 4118, 216, 84, 1424, 65, 59, 15949, 440, 8710, 2408, 2121, 898, 420, 15994, 430, 203, 13716, 618, 1384, 10657, 3475, 1384, 8830, 7828, 3707, 1958, 2420, 210, 205, 1518, 217, 1098, 1947, 1201, 15752, 190, 3110, 3097, 1389, 1048, 298, 12065, 7180, 203, 190, 3258, 2600, 228, 88, 5726, 154, 12164, 14614, 425, 432, 17139, 13417, 173, 173, 5423, 7644, 190, 615, 10327, 1384, 234, 199, 199, 18004, 1944, 362, 1502, 154, 6453, 3614, 6182, 9874, 439, 9230, 2277, 8649, 190, 154, 4079, 1515, 3258, 621, 2788, 17619, 14570, 11739, 427, 4999, 432, 1239, 4630, 235, 3200, 1246, 12130, 3057, 2526, 4118, 2531, 1515]"
82,"[807, 8954, 3783, 4162, 370, 506, 3809, 2369, 5689, 7047, 1143, 18077]"
83,"[3019, 625, 15267, 11477, 613, 1643, 1556, 2605, 18363, 1718, 3004, 1556, 7259, 903, 6137, 8383, 2292, 613, 3019, 613, 208, 903, 9366, 1795, 11477, 1934, 5745, 263, 3505, 3008, 8432, 8837, 13320, 5447, 14579, 7677, 6363, 13950, 13813, 3005, 18330, 1946, 903, 292]"
84,"[126, 5414, 896, 1376, 10618, 3461, 5926, 11910, 620, 1155, 1518, 10327, 416, 5914, 5735, 1246, 222, 4089, 207, 196, 3259, 18087, 207, 173, 190, 430, 228, 1875, 429, 2614, 228, 3945, 18655, 2133, 11215, 2614, 8710, 216, 2582, 1517, 2775, 3616, 440, 511, 424, 65, 2121, 207, 2614, 2538, 1048, 190, 10756, 324, 195, 716, 2121, 9132, 355, 1958, 1390, 6374, 1949, 11598, 433, 154, 7190, 1107, 59, 2121, 7178, 533, 11819, 962, 11155, 1151, 11950, 422, 229, 10610, 59, 3753, 425, 9485, 689, 211, 1151, 898, 222, 228, 428, 704, 1520, 4069, 9485, 433, 4092, 3767, 451, 1977, 450, 1151, 221, 229, 7144, 5549, 1730, 533]"
85,"[601, 1230, 1825, 1230, 578, 584, 538, 183, 13941, 7603, 11976, 7691, 1941, 7603, 3776, 4796, 3778]"
86,"[18740, 4874, 11, 4871, 41, 19, 9, 11, 3184, 1203, 1301, 31, 6871, 6237, 3289, 3188, 1303, 37, 16964, 32, 1293, 1203, 1256, 8149, 1256, 1270, 880, 1332]"
87,"[751, 1418, 11483, 444, 1109, 2812, 6159, 6048, 418, 12706, 632, 444, 13556, 755, 6048, 162, 4230, 225, 632, 6756, 1737, 15456, 7380, 755, 9672, 2402, 11475, 6048, 11635, 418, 9336, 5795, 412, 11592, 17783]"
88,"[5348, 15642, 11434, 863, 1958, 174, 418, 7021, 5803, 163, 13372, 5700, 3426, 12976, 12046, 3886, 3511, 2742, 5898, 735, 5844, 12762, 3691, 227, 9424, 608, 5844, 16532, 2532]"
89,"[518, 955, 7116, 1349, 957, 930]"
90,"[7316, 12867, 3413, 15258, 5803, 5358, 10844, 529, 9987, 4600, 1394, 1007, 7883, 14766, 10436, 1009, 5492, 174, 1842, 722, 1021]"
91,"[1344, 1261, 3719, 4273, 6268, 8386, 14305, 1261, 1344, 843, 5105, 1523, 1522, 10768, 14305, 5105, 841, 4803, 2379, 1274, 923, 1345, 1531, 4272, 1261, 1257, 8247, 841, 707, 1524, 5366, 2211, 4290]"
92,[278]
94,[232]
96,[733]
97,[3430]
98,"[9417, 2436, 11139, 5452, 2443, 1246, 1418, 2422]"
102,"[1402, 3685, 5028, 1979, 9791, 5678, 3316, 267, 5028, 1979, 17956, 161, 2923, 3317, 1611, 2179, 5415, 331, 17437, 17284, 6375, 2226, 2698, 2698, 605, 913, 2931, 5683, 6619, 6376, 330, 11826, 88, 8722, 6631, 9902, 1592, 2393, 278, 5239, 619, 17189, 7615, 531, 5039, 2931, 88, 1455, 16187, 16860, 314, 271, 278, 464, 1099, 475, 5536, 8162, 3712, 1452, 1975, 8179, 2242, 2220, 4566, 6388, 458, 9888, 475, 547, 1943, 288, 475, 88, 249, 17286, 4779]"
103,"[475, 2905, 6623, 330, 331, 330, 464, 331, 2247, 6325, 5536, 377, 10872, 12203, 1455, 331, 605, 6388, 617, 6893, 1613, 9791, 16495, 468, 249, 466, 6581, 17284, 17286, 547, 5058, 718, 262, 262, 5119, 6888, 491, 330, 6887]"
105,"[15785, 1399, 1401, 1395, 4024, 10684, 3863, 16666, 18284, 328, 17529, 11570, 11139, 15791, 18131, 328, 58, 3863, 1399, 9658, 7268]"
108,"[7047, 8314, 932, 590, 15251, 5240, 5382, 585, 4799]"
109,"[318, 6792, 333, 65, 227, 289, 2435, 7935, 333, 3176, 5487, 1377, 681, 708, 456, 498, 16142, 1198, 2080, 3763, 538, 321, 300, 7703, 1246, 1520, 461, 291, 481, 7448, 291, 1038, 293, 1122, 1520, 1247]"
120,"[15065, 12307, 5325, 4991, 7588]"
121,"[11234, 1075, 562, 7326, 1005, 432, 1018, 4129, 441, 1097, 735, 12096, 5048, 620, 14523, 193]"
122,"[15918, 10742, 11036, 2220]"
123,"[2911, 1811, 4585, 271]"
124,"[3961, 3965]"
127,"[2226, 546, 1771, 190, 3749, 10002, 15172, 14932, 803, 6800, 4742, 2154, 801, 546, 10616, 8286, 3204, 10609, 238, 1986, 1186, 173, 11413, 6048, 1520, 2531, 1001, 3205, 17966, 1383, 423, 195, 2083, 1534, 10812, 1243, 3576, 18385, 7679, 601, 15651, 1510, 989, 2531, 16449, 5638, 13570, 538, 939, 1103, 176, 238, 154, 155, 95, 982, 1389, 17960, 1958, 416, 190, 232, 1375, 8832, 1046, 3074, 3747, 1145, 289, 2632, 7117, 6440, 328, 65]"
128,[285]
130,"[7904, 485, 2435, 310, 1556, 55, 3129, 5153, 96, 10520, 3068, 1580, 302, 1971, 389, 891, 272, 1469, 701, 2020, 3259, 6374, 1983, 15214, 6374, 359, 10133, 686, 301, 2083, 349, 797, 7140, 7058, 2183, 680, 17901, 461, 2018, 5550, 4563, 89, 3460, 5090, 13434, 11155, 389, 305, 1807, 3333, 1772, 58, 3466, 4545, 3156, 701, 261, 12548, 289, 2544, 52, 316, 14516, 2518, 17209, 2839, 4747, 11346, 2263, 1098, 4565, 2934, 58, 55, 326, 67, 293, 8445, 528, 290, 12314, 14239, 2638, 15371, 2571, 701, 2419, 18082, 11974, 265, 915, 4704, 301, 6795, 69, 292, 2541, 289, 2102, 3460, 14546, 18363, 985, 3201, 525, 1098, 311, 498, 5767, 1694, 295, 989, 6262, 3763, 306, 1572, 5787, 1694, 4492, 5255, 2548, 71, 12976, 298, 12918, 1504, 292, 5288, 15249, 1114, 89, 3954, 291, 430, 4747, 3205, 9658, 1083, 3502, 4880, 1231, 55, 292, 534, 6715, 2116, 10990, 1767, 16169, 16344, 362, 913, 5475, 4566, 67, 3156, 287, 289, 9851, 1556, 1026, 858, 3397, 3259, 292, 239, 3236, 787, 332, 14520, 292, 4548, 265, 58, 292, 3287, 301, 627, 288, 378, 693, 1505, 3763, 13162, 4618, 3878, 1450, 6562, 2990, 9310, 9570, 17887, 4767, 11919, 81, 9403, 3057, 257, 485, 18335, 18090, 17482, 1732, 4817, 2954, 3962, 12319, 70, 548, 1505, 7247, 704, 311, 2083, 7366, 961, 4135, 2638, 5653, 16807]"
134,"[683, 913, 683, 4073, 344, 15639, 8595, 3865, 4522, 11230, 1097, 1971, 307, 2628, 230, 301, 3386, 14015, 14740, 18009, 2277, 212, 11970, 13268, 3117, 8047, 307, 2627, 14012, 9990, 15213, 9699, 442, 6782, 1730, 227, 11729, 329, 8264, 1463, 7140, 6389, 3391, 15679, 4258, 3057, 5767, 3741, 9318, 4073, 8262, 7525, 7288, 184, 2630, 1726, 981, 310, 733, 16923, 8592, 89, 3749, 13063, 3112, 2835, 1097, 12164, 3071, 1949, 2346, 2629, 11230, 4993, 291, 3110, 1837, 8130, 3057, 615, 615]"
137,"[374, 391]"
138,[517]
139,"[4980, 2623, 1919, 1919, 1910, 1929]"
140,"[376, 5083, 1919, 16167, 17472, 8010, 395, 1906, 10235]"
141,"[2623, 12801, 6994, 12802, 10807, 1923]"
144,"[18330, 9387, 18330, 11132, 4686]"
145,"[16166, 2799, 9200]"
147,"[1366, 10776]"
159,[17720]
160,[16358]
164,"[393, 2092, 4558, 388, 2798, 16166, 1906, 367]"
165,[791]
167,"[292, 327, 299, 3080, 332, 7501, 1032, 913, 6389, 4710, 301, 295, 1604, 329, 295, 320, 294, 295, 1596, 6567, 4571, 4866, 4348, 1450, 312, 8768, 8863, 262, 273, 7340, 288, 314, 332, 367, 1032, 288, 1847, 295, 8364, 304, 1826, 302, 4811, 11064, 913, 4814, 545, 311, 6375, 8067, 8078, 1037, 468, 17522, 2548, 350, 2097, 1601, 484, 3303, 295, 6376, 5988, 907, 241, 5228, 915, 4566, 3314, 13458, 350, 306]"
169,"[4255, 687, 816, 498, 1046, 1043, 1105, 7897, 540, 4434, 481, 16401, 412, 1043, 333, 230, 498, 498, 6442, 230, 13468, 6127, 1043, 4375, 6453, 403, 412, 4837, 693, 3398, 1183]"
170,"[9344, 234, 982, 3129, 614, 234, 614, 227, 3739, 2352, 10657, 1985, 855, 7194, 1873, 856, 9344, 860, 436, 6789, 1873, 17934, 854, 1873, 854, 234, 856]"
176,"[1246, 4242, 1876, 209, 4839, 1096, 2080, 2426, 498, 11498, 500, 3367, 4237, 537, 1180, 1246, 1195, 1246, 5426, 1863, 209, 493, 1246, 891, 13431]"
177,"[1044, 9242, 198, 377, 512, 978, 510, 512, 519, 512, 377, 377, 16017, 818, 510, 8350, 489, 1044, 517, 519, 8916, 377, 8912]"
178,"[9936, 1670, 2621, 1188, 5065, 3040, 11606, 11005, 2214, 2618, 1181, 15431, 17186, 10784, 1180, 1041, 1197, 2430, 816, 13431, 17953, 1185, 2214, 1868, 5969, 2847, 209, 4093, 537, 1200, 13523, 1041]"
179,"[2075, 1534, 5113, 3558, 9144, 378, 1, 8668, 16427, 1300, 16593, 515, 10401, 3184]"
180,"[5067, 2430, 816, 2214, 4168, 816, 1185, 7760, 1195, 830, 5969, 1180, 4100, 816, 770, 2619, 10784, 1041, 1200, 2619, 768]"
181,"[726, 14116, 857, 1206, 1520, 3011, 9966, 3436, 4821, 4375, 12358, 1645, 11933, 10753, 5310, 8945, 1083, 10767, 3032, 4129, 11577, 4194, 15220, 10765, 16885, 6560, 693, 6773, 2637, 982, 1013, 1239, 3439, 10579, 7407, 2034, 1513, 230, 11034, 857, 14840, 1513, 1186, 1197, 12220, 9855, 14106, 536, 1814, 4821, 9484, 4848, 333, 1814, 2629, 7329, 857, 1650, 3333, 5065, 5636, 3333, 1513, 857, 2637, 45, 1645, 16634, 1513, 1246]"
182,"[10848, 1091, 333, 498, 230, 1186, 3373, 333, 536, 536, 1513, 1406, 1645, 8769, 4845, 10753, 230, 1406, 5310, 1179, 4807, 3247, 230, 10402, 230, 3373, 6442]"
183,"[9282, 1855, 1867, 4761]"
184,"[67, 2446, 7152, 3949, 9401, 1146, 867, 3464, 1729, 3164, 5767, 1059, 2116, 4616, 14193, 3987, 5123, 2467, 14466, 3279, 253, 16956, 5791, 4918, 12070, 265, 13397, 5123, 366, 3978, 10191, 10843, 1700, 2478, 14057, 475, 592, 3103, 1705, 3635, 191, 1015, 9549, 910, 12599, 4705, 12902]"
185,"[2167, 8649, 8596, 10854, 196, 8042, 470, 13579, 1518, 8729, 3617, 5446, 8155, 2264, 1244, 1412, 16412, 10613, 9310, 1795, 3033, 622, 1463, 208, 5446, 11895, 215, 204, 4487, 17132, 6724, 609, 1388, 11811, 1463, 3427, 4487, 734, 8264, 11396, 2210, 2608, 13106, 8504, 808, 4380]"
186,"[1868, 6013, 6435, 2214]"
187,"[2716, 1781, 18188, 6762, 1028, 485, 5045, 16746, 5467, 981, 11520, 3536, 16495, 4674, 3289, 4494, 1243, 6374, 328, 13861, 36, 6910, 3413, 15247, 15037, 9860, 292, 14434, 2670, 529, 1835, 72, 15569, 691, 12334, 6149, 9945, 3411, 15880, 15778, 13500, 72, 8589, 64, 4396, 10517, 11205, 777, 3200, 471, 1106, 70, 2145, 1410, 1700, 3164, 15671, 4153, 6726, 3109, 6185, 6582, 238, 3413, 58, 5182, 12895, 13508, 5347, 757, 9162, 1203, 15564, 15457, 18204, 15550, 15728, 4118, 233]"
188,"[7445, 10987, 9163, 8768, 5041, 5847, 9036, 13016]"
189,"[13754, 16902]"
190,"[441, 515, 16, 159, 1534, 504, 405, 1534, 13347, 159]"
191,"[1729, 4633, 5079, 726, 1109, 11146, 4917, 1172, 1123, 9363, 1012, 14848, 6076, 726, 857, 13338, 17420, 219, 613, 2270, 9649, 11272, 9716, 377, 6048, 8027, 2151, 6507, 1130, 1736, 72, 11264, 8853, 5325, 16468, 1124, 16860, 7237, 506, 9296, 726, 9321, 711, 917, 3817, 1112, 1700, 2068, 126, 1700, 5806, 1743, 3768, 17276, 14450, 8810, 7912, 14746, 6742, 4126, 11349, 617, 15690, 4784, 13164, 517, 6150, 14450]"
192,"[9513, 2854, 562, 3993, 533, 227, 863, 1372, 8795, 735, 857, 2857, 2444, 1110, 192, 1412, 959, 2347, 15476, 863, 203, 733, 1425, 1795, 9699, 1415, 9543, 6950, 959, 1412, 718, 562, 717, 1369, 2834, 990, 7248, 163, 6959, 9699, 15986, 1110, 3070, 8115, 1415, 4538, 614, 2558, 585, 13621, 735, 2569, 732, 11501, 8545, 2899, 7800, 728, 2787, 599, 5175, 3470, 728, 227, 5172, 2346, 163, 735, 1415, 9647, 96, 15974, 4355, 735, 614, 554, 8312, 176, 9429, 733, 227, 2469, 2347, 3306, 1249, 5434, 562, 1249, 959, 2265, 12623, 7912, 1426, 15817, 7927, 2346, 1411, 4784, 4124, 554, 1415, 8309, 2031, 3938, 2853, 1883, 990, 212]"
193,"[8106, 1489, 718, 11770, 2455, 9435, 3589, 2437, 344, 16280, 3321, 344, 4545, 1462, 718, 360, 13474, 11771, 891, 3601, 8563, 11769, 2445, 14071, 4543]"
194,"[827, 8930, 4938, 1551, 4823, 14114, 2723, 1185, 3027, 3428, 13692, 2723, 4828, 14889, 4791, 18502, 816, 816, 10573, 1547, 2196, 500, 10567, 2429, 815, 823, 2850, 1181, 3029, 5109, 3792, 816, 3050, 10486, 1185, 815, 3236, 18636, 5640]"
195,"[1531, 735, 183, 1151, 996, 5048, 227, 599, 5746, 599, 8570, 13646, 716, 4975, 9296, 423, 3273, 2614, 7750, 14106, 5000, 903, 1083, 154, 81, 4303, 16567, 182, 1243, 1517, 3171, 3920, 1379, 888, 546, 97, 10626, 2044, 733, 227, 5746, 100, 2027, 17901, 851, 352, 562, 1414, 1377, 173, 1814, 1155, 5048, 5258, 3789, 546, 154, 689, 689, 1416, 6223, 2083, 1409, 182, 1418, 9469, 1051, 229, 72, 1385, 3988, 65, 9160, 7744, 1013, 5785, 1151, 1379, 210, 3540, 182, 227, 562, 528, 3767, 1414, 85, 227, 3126, 159, 72, 3171]"
196,"[521, 1055, 521, 4572]"
197,"[2179, 2226, 2252, 6288, 6618]"
198,[1863]
199,"[354, 1062, 1062, 466, 1485, 464, 89, 3193, 4735, 14474, 911, 528, 1893, 5147, 532, 466, 886]"
200,"[5988, 14594, 292, 3178, 333, 292]"
201,"[15533, 2183, 2554, 701]"
202,[1081]
203,"[6708, 4704, 1106, 1464, 67, 1834, 1832, 9292, 7324, 7662]"
204,[55]
206,"[686, 1041, 154, 298, 1079, 1154, 498, 289, 790, 464, 644, 4768, 1198, 89, 227, 295, 486, 2544, 1043, 288, 685, 4811, 89, 288]"
208,"[289, 340, 1114, 292, 289, 2022, 89, 8363, 2020]"
209,"[475, 157, 498, 289, 1771, 333, 292, 289, 67, 289, 292, 251, 55, 530, 329, 289]"
210,"[1239, 298, 2360, 9997, 374, 14801, 709, 9448, 301, 6657, 3598, 191, 536, 972, 1400, 206, 17279, 3960, 292, 17486, 288, 3068, 1390, 914, 658, 1409, 2628, 11994, 5058, 17513, 1103, 1070, 1874, 5547, 18665, 6567]"
213,"[1239, 1703, 3081, 2783, 316, 292, 1383, 715, 463, 2661, 7821, 2783, 735, 703, 1034, 646, 56, 288, 1444, 703, 1700, 418, 17387, 496, 1740, 1505, 187, 906, 7031, 4117, 81, 204, 11768, 912]"
216,"[892, 14329, 288, 461, 3117, 9541, 11640, 499, 2463, 291, 2525, 340, 489, 681, 2375, 289, 434, 289, 543, 305, 4058, 16634, 12994, 2558, 11223, 2179, 1684, 15544, 6247, 2020, 10157, 89, 7665, 266, 987, 292, 1119, 67, 2458, 230, 14300, 2801, 220, 7359, 344]"
218,[2102]
226,"[6790, 3333, 1803]"
227,"[2738, 4393, 2418, 7265, 11510, 17437]"
228,"[527, 458, 2523, 1051, 8863, 484, 227, 306, 344, 1081, 14645, 3313, 6891, 679]"
229,"[2602, 679, 17010, 3475, 375, 2115]"
230,"[1463, 378, 172, 466, 621]"
231,"[288, 325, 465, 908, 4183, 378, 9170, 7098, 686, 227, 4460, 1936, 257, 296, 13361, 294, 157, 1760, 17084, 279]"
232,"[1701, 161, 1114, 1679, 7, 325, 89, 538]"
233,"[3103, 3244, 7, 72, 5060, 12006, 30]"
234,"[3497, 233, 229, 89, 15430, 338, 525, 2220, 55, 699, 325, 72, 1121, 800, 461, 5475, 151, 15679, 298, 88, 191, 1097, 8586, 4566, 1242, 2347, 292, 321]"
238,"[6543, 299, 317, 8834, 3503, 241, 293, 308, 3490, 295, 3200, 1467, 67, 318, 16111, 67, 1428, 3502, 67, 360, 295, 4302, 289, 257, 544, 2632, 2220, 509, 1486, 155, 10856, 9734, 3948, 4706, 301, 329, 173, 72, 11085, 14591, 306, 4705, 2247, 67]"
239,[14688]
242,"[8549, 5156, 889, 333]"
245,"[552, 14123, 200]"
247,"[9300, 9286, 1426, 3778, 1415, 2127, 3993, 3230, 10114, 1764, 192, 3846, 9560, 569, 227, 2265, 7410, 8111, 3230, 10133, 12637, 735, 1639, 562, 10762, 18340, 212, 5263, 868, 5257, 9290, 5434, 14401, 2265, 9286]"
249,"[552, 207, 10762, 3475, 420, 3767, 1239]"
251,"[1225, 155, 2999]"
252,"[3160, 13609]"
253,"[720, 16277, 16279, 5367]"
254,[1830]
258,[14502]
259,[9960]
260,[3455]
262,[10406]
264,"[12921, 7155]"
265,"[3789, 5645, 2029, 4208, 9589, 5845, 9595, 7548, 7541]"
266,[17211]
268,[1227]
275,"[1504, 5924, 1899, 441, 1896, 424, 59, 1083, 871, 3281, 5917, 861, 17873, 419, 419, 861, 1504, 5913, 5920, 13892, 441, 1534, 1376, 6824, 7407, 2495, 15601, 3441, 3292, 3941, 11397, 9147, 441, 9980, 2481, 429, 416, 875, 10105, 18634, 1079, 859, 5258, 2531, 871, 441, 4085, 3047, 861, 10115]"
279,[2033]
283,[6895]
285,"[908, 3763, 206, 1047, 1772, 2478, 159, 523, 1517, 424, 65, 416, 707, 3397, 377, 693, 4481, 466, 562, 437, 15564, 288, 6850, 1512, 230, 325, 10055]"
287,"[6865, 58]"
290,[12450]
292,"[8264, 7827, 2277, 1633, 2546, 16861, 2608, 2857, 17181, 215, 7826, 196, 609, 212, 3386, 316, 1633, 7686, 1390, 310, 618, 8595, 430, 445, 222, 212, 602, 440, 211, 683, 1756, 423, 718, 7819, 17054, 5410, 2630, 6215, 8445, 4369, 14185, 9751, 14204, 981, 9481, 1980, 6945, 1414, 310, 1415, 14645, 3747, 17335, 9669, 11267, 9052, 718, 13598, 734, 212, 3763, 205, 6140, 212, 1424, 205, 13066, 4048, 16068]"
296,"[901, 1106, 229, 7188, 8864, 71, 3731, 2137, 17685, 9977, 1400, 2600, 5229, 10738, 11571, 4153, 8871, 2139, 195, 430, 13738, 2538, 2279, 324, 2534, 15863, 5925, 446, 8500, 16363, 611, 5934, 3706, 3110, 11892, 65, 11286, 1508]"
297,[8884]
299,"[11484, 18010, 2303, 12454, 17985, 3488, 17336, 8232, 7592, 2313, 16177, 14649, 18401, 15675]"
301,"[670, 9033]"
302,"[200, 6498]"
304,"[4311, 2921, 913, 8178, 4779, 12028, 1839, 8184, 6376, 6620, 907, 1444, 326, 1537, 331, 9913, 6346, 475, 10612, 320, 2179, 2179, 475, 330, 2179, 17470]"
306,"[484, 986, 16839, 1585, 245, 212, 1790, 1576, 197, 3572, 161, 227, 5000, 253, 14367, 2567, 2977, 3866, 3975, 544, 5242, 12397, 3981, 6902, 3905, 3475, 12205, 4556, 2137, 1639, 5123, 8706, 13266, 13576, 1189, 1430, 6770, 3617, 5463, 2456, 226, 816]"
308,"[3063, 13926, 787, 4260, 12038, 1475, 11084, 4260, 9820, 2462, 4817, 701, 7616, 299, 6512, 2440, 792, 1524, 6507, 1443]"
309,"[2708, 4049, 3198, 13011, 17823, 13456, 4030, 1969, 10522, 1943, 56, 15564, 4563, 13010, 10963, 4720, 1990, 13008, 18282, 980, 4025, 3707, 4032, 8002, 4732, 90, 4435, 972, 64, 4025, 2515, 2818, 1405, 7520, 1398, 16671, 4928]"
311,"[3145, 10663, 13017, 9598, 447, 1412, 2637, 5845, 15813, 288, 3133, 9607, 10464, 6475, 2609, 10663, 250, 4466, 12243, 245, 3316, 9608]"
315,"[4980, 17712]"
318,[17125]
319,"[10299, 701, 6503, 12924, 13136, 18557, 4817, 1475, 6516, 10311]"
321,"[3158, 10969, 10722, 2124, 48, 2124, 3501, 8288, 328, 265, 7137, 10987]"
324,[89]
327,"[1306, 16478, 5500, 1308]"
330,"[436, 1539]"
343,"[4272, 13612]"
344,"[11352, 11352]"
345,"[1583, 16972, 972, 10446, 11268, 1571, 972, 10075, 2747, 13182, 8611]"
346,"[1505, 326, 289, 10075, 9141, 1604, 3962, 3878, 898, 3960, 2094, 6714, 906, 299, 798, 792, 3497, 1458, 796, 787, 389]"
347,"[17326, 801, 12625, 4561]"
348,"[794, 786]"
349,"[292, 325, 1692, 788, 802, 680, 797]"
351,"[3948, 794, 3918]"
352,"[67, 605, 1131, 18288, 1952, 4883, 285, 1239, 157, 230, 17943, 1406, 72, 220, 1061, 959, 6728, 614, 15614, 3275, 1044, 1206, 6940, 1089, 1460, 166, 709, 5780, 155, 982, 4295, 6315, 8367, 533, 216, 2454, 525, 4348, 1891, 15206, 8042, 436, 11219, 195, 12002, 1384, 292, 1249, 17437, 14318, 16340, 234, 8184, 3748, 3469, 12352, 4705, 1239, 463, 6852, 627, 918, 251, 511, 289, 913, 14057, 4092, 786, 463, 917, 234]"
354,"[1456, 13724, 3373, 1502, 437, 11740, 2899, 1919, 310, 344]"
355,"[788, 523]"
356,"[795, 701, 6316, 701, 658]"
357,"[67, 2018]"
358,[800]
360,"[99, 832, 4811, 16061, 13213, 6391, 55]"
361,[801]
362,[9518]
364,"[3503, 4984, 863, 333, 1328, 1189, 289, 4883, 519, 154, 292, 2938, 15974, 1957, 697, 89, 1745, 349, 5306]"
366,[55]
368,"[795, 17958]"
370,"[512, 15559, 314, 630, 6620, 3673, 7227, 6133, 2913, 510, 9484]"
371,"[11065, 279]"
372,[55]
376,"[826, 1552, 4946, 814, 831, 850, 15053, 1552, 839, 816, 10036, 815, 18539, 814, 4100, 3721, 1551, 5109, 2204, 4173, 2214, 18135, 826, 2186, 500, 4173, 2192, 6257, 816, 813, 3029, 2214, 850, 779, 846, 2189, 2143, 2062, 2948, 839, 805, 18530]"
378,"[1196, 1549, 16595, 828, 825, 4934, 5134, 1555, 1557, 2186, 1557, 779, 18545, 2198, 1538, 842, 1861, 4937]"
380,[1180]
385,"[806, 503, 837, 188, 806, 4290, 10956, 4623, 923, 17479, 923, 4971, 18135, 503, 835, 503, 811, 2970, 923, 503, 820, 953, 11817]"
386,"[956, 1366, 1364, 5688, 3093, 1710, 3476, 917, 924, 8794, 7419, 928, 2664, 854, 2838, 6133, 3470, 1360, 14584, 944, 5157, 706, 3445, 1370, 2838, 2379, 1997, 3476, 843, 16950, 1350, 947, 1369, 724, 1360, 920, 952, 2347, 927, 917, 1044, 952, 1044, 4497, 841, 8351, 707, 4124, 1360, 2347, 2838, 3476, 1044, 16095, 820]"
387,"[2972, 14954, 16447, 2463, 152, 4782, 12047, 11636, 1343, 1411, 3308, 3614, 1131, 9716, 207, 2792, 163, 1110, 3921, 4675, 190, 964, 5902, 10829, 1131, 12671, 959, 1131, 4790, 65, 152, 3481, 190, 1131, 1131, 190, 964, 7054, 163, 1128, 7054, 5175, 13276, 3264]"
389,"[65, 533, 207, 203, 81, 9324, 2022, 154, 182, 1090, 533, 173, 7290, 13558, 65, 203, 182, 3469, 2606, 65, 1107, 1243, 173, 182, 11230, 1048, 533, 1047, 3469, 1384, 546, 4622, 173, 72, 429, 9160]"
391,"[3290, 11896, 2575, 3279, 14937, 17386, 6414, 2542, 4058, 1098, 11898, 4443, 9672, 3280, 4085, 3884, 14943, 436]"
393,"[3890, 1385, 3411, 4880, 1609, 11897, 3280, 223, 3280, 11892, 14936]"
394,"[4541, 1811, 9825, 12710]"
395,"[51, 1882]"
396,"[1062, 10685, 6374, 15298, 14057, 3186, 6374]"
401,[157]
405,"[16767, 10317, 321, 10316, 461, 14389, 325, 1696]"
406,"[1763, 927]"
409,"[6957, 6957, 6541, 4251, 5008]"
410,"[1873, 1806]"
412,[715]
414,"[1541, 1259, 7101]"
415,"[917, 10776, 917, 917, 917, 1531, 1371]"
422,"[2861, 230]"
424,"[5297, 4675, 152, 6134, 1132, 14971, 7043, 1110, 9453, 2574, 152, 7802]"
425,"[592, 18374, 1727]"
426,[173]
430,[1372]
432,"[1241, 3742, 3176, 5454, 705, 283, 11763, 2082, 10460, 6137, 3376, 2983, 12092, 3200, 1041, 439, 3385, 3200, 2668, 5772]"
442,"[2817, 769, 801]"
445,"[6959, 8808, 14123, 7050, 9352, 4460, 4799, 1976, 2786, 13123, 13606, 1412, 11916, 6541, 4373, 735, 14019]"
447,"[4108, 182, 14712, 5475, 3441, 15611, 1079]"
481,"[291, 2627, 15991, 89, 2538, 907, 6169, 2343, 4781, 18513, 18481]"
483,"[289, 686, 5950, 325, 7268]"
489,[704]
493,"[5268, 11717, 679]"
494,"[487, 3988, 7343, 1394, 486]"
496,[55]
499,"[13637, 13947, 3373]"
500,"[511, 3536, 3832, 227, 16910, 64]"
501,"[13192, 229]"
503,"[51, 344, 868]"
505,"[157, 9288, 1019, 2571, 994]"
507,"[18511, 11352, 430, 13174, 475]"
508,"[352, 1639, 344, 294, 311, 851, 1185, 77, 360, 72, 229, 72, 183, 195, 455, 204, 217, 89, 2080, 972, 6301, 679, 498, 333]"
509,"[100, 6064, 1001, 6070, 1430, 289, 157]"
510,[55]
511,"[3436, 889, 15737, 2648, 999, 166, 3302, 157, 475, 5260, 1452, 562, 13159]"
512,"[4796, 333, 472, 472, 1112, 17787, 12566, 300, 65]"
513,"[3441, 1941, 9724, 72, 191, 4493, 1067, 498]"
514,"[13182, 1075, 13185, 13202]"
515,[1001]
516,[1068]
518,[4772]
519,"[1464, 599, 1076, 4348]"
521,[15682]
524,"[360, 701]"
526,"[11480, 5942, 3057, 14363, 3057, 1743, 2639, 4710, 14450, 1772, 13942, 3012, 3110, 316, 1934, 362, 601, 11477, 15292, 3488, 154, 4252, 2407, 6385, 11482, 301, 362, 3057, 4582, 279]"
527,"[2047, 2834, 617, 994, 285, 1413, 475, 2463, 3357, 2861, 276, 14057, 1534, 15436, 1121, 5982]"
528,"[3747, 11416]"
529,[1141]
535,"[910, 16321]"
537,[13106]
541,"[1148, 1857, 17712, 4922, 10926, 5087, 5082, 7160, 15325, 17661, 4980, 375, 9577, 8398, 2102]"
543,"[16532, 2823, 11178, 7047, 9920, 226]"
545,"[2176, 8234, 16333, 12547, 727, 1175, 1770, 10224, 13590, 1098, 1122, 1491, 13588, 1491, 1550, 1491, 4927, 15338, 1123, 103, 1700, 5982, 2047, 1130, 592]"
546,"[5174, 610]"
547,"[2001, 6541]"
550,"[1636, 8929]"
557,"[7435, 3070, 3070, 1835, 355, 18039, 5042]"
564,"[5347, 1285, 9357, 5521, 1007, 4587, 11193, 11193, 5073]"
565,"[5722, 18736, 4876, 4875, 5581, 6237, 1294, 1314, 33, 6873]"
566,[9263]
567,"[17702, 2500, 6177, 13730, 1099]"
568,"[5358, 5522, 174, 7883]"
569,"[11005, 16334, 14369]"
570,"[14766, 7469, 15675, 1398, 1099, 2667, 7688, 2500, 2498, 8132, 5073, 1394, 6550, 17970, 4728, 15671, 1099]"
574,"[18318, 5718, 7018, 11090, 6659, 7024, 10380, 7012, 9146, 3515, 11102, 6980]"
575,"[1300, 8369, 5707, 17227, 9144, 2, 18, 9999, 522, 1704, 18527]"
581,[3184]
587,[1250]
588,"[1269, 5507, 16474]"
600,"[1297, 1296, 1336, 4874, 1333, 4056, 1321, 10629, 1066, 1304]"
601,"[9245, 1297, 812, 1520, 2364, 503, 2521, 7644, 4111]"
604,"[1312, 64, 604]"
608,"[6944, 6586, 2046, 2047, 5707, 5983]"
611,"[7286, 16586, 13012, 2277, 232, 15252, 7151, 886, 434, 11985, 18081, 265, 9771, 14221]"
612,"[5, 3189, 13347]"
615,"[917, 946, 1340, 2838, 949, 924, 1374, 1348, 937, 942, 5820, 930, 957, 4341, 4342, 2975, 841, 942, 942, 1349, 1347]"
617,"[1337, 1360, 2143, 841, 14305, 1358, 954, 918, 947, 1526, 1360, 1527]"
619,"[1216, 5105, 11120, 843, 3719, 4944]"
624,[1397]
625,"[2175, 1834, 3974, 584, 157, 17515, 601, 10027, 1042, 572, 292, 3313, 10134, 4351, 13450, 251, 4706, 287, 386, 97, 11789, 3171, 3385, 903, 301, 155, 15544, 572, 17511, 1833, 86, 8991, 1427, 569, 6594, 608, 13941, 1819, 2220, 484, 15920, 8072, 3488, 903, 10394, 3171, 13815, 1601, 3171, 576, 885, 468, 247, 5150, 576, 578, 301, 572, 2220]"
626,"[5069, 2668, 2668, 4249]"
628,[3281]
632,"[288, 288]"
636,"[283, 289, 289]"
640,"[251, 6385, 295, 913, 6621, 1936, 9907, 4566, 295, 8781, 2220, 287, 2921]"
641,"[289, 966, 3316, 9288]"
642,"[289, 461, 915, 289, 67]"
643,[4582]
653,[681]
654,[325]
657,[300]
658,[89]
662,"[542, 423, 1458, 3057, 438, 288, 89, 2139, 1239, 733, 1632]"
667,"[292, 292]"
670,[2094]
671,[89]
683,[344]
687,[1464]
689,"[2922, 10822]"
693,"[1764, 4087, 342, 9713, 3386, 11764, 7823, 1758, 438, 1755, 5416, 1755, 261, 1775]"
695,"[17238, 735, 7935, 13450, 993, 1414, 1244, 10130, 5660, 11794, 1244, 1220, 8803, 863, 1464]"
700,"[10114, 8309, 9290]"
701,"[295, 4566, 18425, 2905, 241]"
702,[11062]
706,"[2097, 374, 535, 10233, 5474, 532, 229]"
709,"[5452, 6777]"
712,"[8796, 5427, 4747, 13448]"
713,"[72, 1276, 6459, 2521, 7197]"
717,"[8591, 7904]"
719,"[1502, 238, 6726, 1376, 4089, 12183, 1613, 18321, 4435]"
721,"[13590, 13318]"
723,[701]
724,"[190, 375, 9877, 6554, 9485]"
727,"[291, 378, 52]"
728,[3900]
730,"[1597, 4616, 681, 289, 12185, 4118, 352, 907, 1519, 1089, 466, 86, 1189, 419]"
734,"[792, 7845, 2391]"
735,"[9510, 599, 2265, 9423, 176, 7047, 857, 3426, 959, 18215, 9419, 11768, 730, 12599, 11002, 2834, 730, 607, 3011, 4544, 8569, 12219, 750, 5785, 17571, 3458, 2893, 1150, 192, 12470, 18117, 250, 9825, 3934, 1820, 11916, 163, 599, 3070, 3303, 17932, 96, 9292, 3481, 1412, 734, 15586, 2792, 2031, 3426, 10130]"
737,"[707, 614, 18264, 856, 458, 8047]"
738,"[11517, 2383, 519]"
739,"[503, 503, 811]"
741,"[9127, 15841, 1539, 1557, 1563, 1196, 3728, 3548]"
742,"[4265, 12, 1281, 1286, 4265, 6752, 2654, 1527]"
743,"[949, 4787, 2769, 3788, 2769]"
745,[4935]
747,[2850]
750,[13523]
754,"[18454, 17338, 17120]"
755,"[1631, 1357]"
757,"[1633, 445, 219, 3747, 442, 622, 17067, 1732]"
758,"[6581, 17294, 18719, 16215]"
762,"[1689, 486, 966, 486, 500, 182, 1672]"
766,"[89, 7140, 1453]"
770,[461]
774,"[295, 681]"
778,[386]
780,"[1242, 227]"
781,"[292, 17712, 2821, 2602, 3552, 375]"
784,"[290, 5266]"
789,[288]
791,"[344, 691]"
792,"[841, 1073]"
793,"[4435, 540, 2821, 4155, 233, 226]"
794,[486]
796,[1131]
797,"[701, 329, 16895, 292, 918, 1416]"
798,[486]
799,"[959, 190, 1098, 6950]"
801,"[316, 233]"
803,[3011]
814,"[3057, 13353, 233]"
817,[233]
821,"[9336, 11483, 7378, 10202, 6759, 608, 8838, 14931, 162, 2845]"
823,"[11011, 1764, 14960, 9713, 15436, 725, 2080, 708, 1764, 256, 13719, 4716, 3200, 3382, 16839]"
824,"[11020, 630, 2933, 8676, 453, 5327, 7943, 3466, 1375, 332, 903, 12026, 6884, 8264, 8649, 8262, 229, 3290, 3732, 182, 13738, 184, 11723, 266, 2136, 965, 154, 733]"
825,"[6761, 182, 15919, 1098, 1424, 621, 12116, 9433, 18030, 1971]"
826,"[3868, 54, 5502, 389, 3707, 6380, 5343, 15058, 7015, 14300, 763, 3858, 4444]"
827,[5903]
828,"[2746, 2746, 5729, 1339, 10954, 1339, 10982, 8789]"
829,"[7140, 12056, 2894, 576, 96, 2842, 12640, 69, 11917, 7056, 2864, 7264, 14015, 9521, 12083, 903, 581, 2786, 12116, 14476, 1556, 2895, 7056, 12918, 12123, 2419, 13270, 14031, 7056]"
830,"[4118, 8267, 13133, 7902, 2894, 6958, 8371, 1425, 8122, 9352, 2842, 9926, 6507, 711, 12115]"
831,"[14530, 15614, 972, 619, 6297, 8182, 504]"
832,[378]
833,[70]
835,"[11423, 877, 6294, 1378]"
836,"[1424, 526, 18029, 703, 70, 190, 7837, 4444, 599]"
838,[292]
839,"[1459, 2535, 1489, 2535, 490, 3173, 2607, 5553, 11768, 2569, 292, 3411, 2856, 1388, 215, 2531, 1384, 182]"
840,[1784]
842,"[190, 15493, 182, 430, 6298, 1377]"
844,[11020]
847,[2548]
848,"[4165, 1366, 4165, 2973, 2361, 952]"
849,[17561]
850,"[289, 190, 569, 504, 288, 4574, 1465, 207, 7248, 13268, 4251, 173, 2029, 2633, 709, 4521, 16563, 10068, 1360, 3466, 993, 1713, 187, 5375]"
852,[371]
853,[13437]
854,"[18033, 15307]"
855,"[8215, 1191, 432, 464, 8589, 8589]"
858,[1821]
865,"[10394, 569]"
867,[1844]
870,[5061]
874,[1821]
885,"[9253, 4058, 91]"
887,"[1887, 15601, 1079]"
889,"[1895, 1883, 1891, 1899]"
891,[1898]
892,"[1886, 1881]"
895,"[1122, 7076, 1896, 6884]"
896,"[51, 2554, 98]"
897,"[1894, 9322, 1879]"
899,[9253]
900,[85]
907,"[3768, 994]"
908,[98]
916,[1887]
918,[14846]
928,[1880]
933,"[1879, 997]"
934,"[1902, 59]"
935,"[7675, 1947, 17900, 1957, 12008, 14666, 14069, 7479, 8706, 2269, 4199, 12023, 14672, 2139]"
940,[2011]
943,[1999]
955,"[2390, 173, 546]"
956,"[56, 187]"
957,"[620, 1013]"
958,"[533, 8910, 189]"
959,[2470]
960,"[877, 157]"
961,"[2606, 1502]"
962,[91]
963,"[1013, 8230]"
964,"[2043, 928]"
965,[51]
966,[2043]
969,[877]
970,[620]
972,[2038]
977,[7109]
978,"[2047, 8844]"
986,[2044]
991,"[14537, 5822]"
996,"[2091, 388, 7615, 2106, 4878]"
1001,"[7987, 5063]"
1002,[7981]
1006,"[8302, 845, 845, 6837, 4093]"
1017,[7374]
1023,"[3576, 2606, 6737, 4043]"
1024,[2328]
1025,[6319]
1026,"[3473, 3063]"
1030,"[1369, 1809, 918]"
1032,"[67, 11345, 1249, 3576, 157, 707]"
1035,"[2305, 12160, 5010]"
1039,"[1643, 265, 3748]"
1040,"[8140, 1460]"
1041,"[15335, 3749, 1475]"
1045,[1083]
1046,"[2334, 202]"
1048,"[13151, 2629]"
1066,[163]
1069,[2320]
1070,"[6722, 6777]"
1071,[857]
1074,"[3426, 8812]"
1076,"[6957, 176, 3889, 4998, 868, 712, 15363]"
1079,"[14448, 12792, 2210]"
1080,"[13667, 2391, 14374]"
1084,[329]
1086,"[1486, 16160, 289, 265]"
1088,[465]
1096,"[7944, 2436]"
1097,"[2075, 1810, 954, 3276, 2346, 857, 318, 967, 5, 2919, 227, 1889, 900, 7248, 3877]"
1098,"[1489, 403, 3583]"
1099,"[8552, 15269, 13588, 14509]"
1100,"[5257, 4123, 322, 389, 2453, 6188, 3201, 159]"
1101,[16340]
1104,"[4627, 3447]"
1106,"[1504, 1504]"
1107,[18166]
1113,[2497]
1136,"[1510, 969]"
1156,[6070]
1159,"[10002, 9520, 7021, 1097, 11526]"
1194,"[2582, 2577]"
1198,[3282]
1205,[464]
1208,[3362]
1209,[257]
1210,"[228, 5109, 9435, 9435, 8093, 1813]"
1212,[533]
1218,[11252]
1219,"[1910, 8, 1857]"
1220,[754]
1221,[16164]
1222,"[7407, 4805, 9872]"
1223,[2641]
1227,"[3427, 617]"
1228,"[562, 728, 1415]"
1237,"[16491, 951, 288, 688]"
1238,"[3200, 6862, 540, 4258]"
1240,[525]
1247,"[18579, 13939, 705, 7832, 12104]"
1249,"[6606, 2653, 10318, 1183, 1680, 3373, 10798, 6597]"
1251,[16316]
1252,"[11224, 1859, 1541, 9187, 11796, 1550, 4177, 1867, 12953, 18305]"
1264,[2165]
1269,[2696]
1278,[1528]
1286,"[1803, 4460, 12939, 5015, 6292, 3096, 1809, 4165]"
1288,"[14106, 16432]"
1290,"[1510, 10446]"
1296,[2301]
1299,[10967]
1302,"[2478, 592]"
1304,[289]
1311,[289]
1316,"[10233, 9115]"
1321,[504]
1322,"[11615, 9260]"
1334,[2862]
1344,[8126]
1348,"[5123, 190, 2979, 3588, 4542, 154]"
1351,[10698]
1352,"[2457, 18268, 180, 2567, 293, 11774, 5452, 360, 3070]"
1353,[1018]
1354,"[472, 730, 8743, 8743, 3482, 13710, 403, 939, 978, 979, 2554]"
1355,"[1244, 1414, 10661, 6458, 986, 192, 9366, 7138]"
1356,"[8803, 8314, 10638]"
1357,"[9987, 3963, 12352, 3973, 15532, 1001, 15533, 1021]"
1358,"[1854, 1812, 4428]"
1359,"[377, 8348, 6806, 4506, 4510, 6802]"
1360,[1261]
1362,"[3809, 3809]"
1365,"[4286, 9242, 14727, 5673, 16427, 10979, 3545]"
1366,[6905]
1368,"[3635, 3950]"
1372,"[4952, 837, 824, 4608, 10585, 3660, 3660, 3417]"
1373,"[4608, 2755, 824]"
1378,[1045]
1383,[544]
1387,"[2456, 2640, 2858]"
1392,[475]
1423,"[8016, 1402]"
1424,[854]
1426,"[3293, 2083, 88]"
1431,[707]
1432,[8741]
1434,[16364]
1445,[5532]
1446,"[1885, 51]"
1447,"[511, 44, 2562, 9322, 289, 2691]"
1455,"[9840, 10464]"
1462,[7398]
1469,"[14766, 11203, 14774, 7312]"
1474,"[2984, 7094]"
1478,"[3431, 5420, 159, 72, 159, 18630, 867]"
1483,[323]
1484,[6]
1489,"[1459, 525]"
1491,[455]
1492,"[9355, 9357, 11534, 72, 250, 11526]"
1493,[3173]
1494,[462]
1495,"[256, 1400, 538]"
1505,[9282]
1513,[15457]
1530,"[18049, 727, 18055, 18059, 18039, 71]"
1534,"[4382, 611, 8674, 237, 7665, 12002, 608, 526]"
1535,"[428, 14071]"
1538,[418]
1539,"[5065, 829, 2723]"
1542,"[159, 3276]"
1547,[59]
1548,[13590]
1550,"[1464, 8806]"
1552,"[3426, 750]"
1554,[8375]
1555,[8857]
1556,[1121]
1557,[18408]
1592,[289]
1613,"[2021, 89]"
1614,[289]
1627,"[7626, 3156, 10415, 2184, 9700, 6137, 1848]"
1628,"[5923, 660]"
1633,[5987]
1640,"[4709, 7812]"
1642,[498]
1643,[3398]
1649,[1246]
1651,[686]
1652,[321]
1653,[523]
1654,[1246]
1658,[680]
1660,[420]
1671,"[3497, 4292, 3316]"
1680,"[601, 70, 3406]"
1682,[13847]
1684,[10410]
1721,[3438]
1722,"[6892, 6631, 918]"
1727,"[523, 795, 292, 599, 524, 2343, 320]"
1735,"[2498, 3289, 3967, 3948, 3976, 3959, 257, 4768]"
1739,[6812]
1740,[3543]
1742,[3553]
1745,[340]
1753,"[17725, 1043, 1977, 298, 477, 1201, 686, 298]"
1754,"[1075, 1247, 868, 504]"
1766,[455]
1767,"[12688, 3603]"
1771,"[12070, 913]"
1796,"[7352, 7123]"
1797,"[917, 12006]"
1812,"[1957, 4092]"
1825,[629]
1833,"[3169, 4853]"
1834,[2605]
1835,[1943]
1842,[2971]
1843,"[2154, 2383, 11258, 4173, 8298]"
1846,[5054]
1847,"[441, 4113, 441]"
1850,[3157]
1858,"[85, 7076, 16778]"
1859,"[441, 3359, 7525, 14110, 159]"
1868,[683]
1869,"[908, 326]"
1870,[17511]
1880,"[2546, 6231]"
1882,"[2521, 331, 285]"
1886,"[2847, 3398]"
1889,"[188, 188]"
1892,[220]
1893,[3792]
1905,"[821, 2964]"
1911,"[1983, 227, 1640, 525, 215, 6899, 4704, 267, 3777, 441, 683, 2222, 12904, 271, 887, 56, 533, 1249]"
1912,"[292, 291]"
1931,[2047]
1933,[418]
1945,[1098]
1946,[1990]
1949,[3911]
1950,[1886]
1951,[9292]
1952,[3949]
1955,"[3973, 1686, 289, 3951]"
1964,"[5233, 403, 498]"
1965,"[3967, 16727]"
1967,"[4686, 3960, 1081]"
1970,"[3978, 227, 7994]"
1971,[3976]
1972,"[3951, 3950]"
1973,"[3958, 349]"
1974,"[3977, 1081]"
1975,"[3954, 3951, 971]"
1978,"[5038, 17363]"
1981,[1081]
1986,[3999]
1987,[4005]
1994,[72]
1995,"[8027, 137, 6756]"
2003,[220]
2006,[6073]
2008,[424]
2010,[15687]
2011,[13999]
2020,[3905]
2024,[3719]
2031,[4157]
2034,[5317]
2056,[1193]
2064,"[4079, 13338, 4530, 16412]"
2068,"[6181, 511, 166, 511, 11602, 14024]"
2087,[4182]
2092,[28]
2096,[12]
2098,[906]
2115,"[3097, 4468, 8710, 7076, 227, 924]"
2118,"[4535, 2442, 12723]"
2137,"[15345, 8868]"
2139,"[10402, 9962, 917, 14019, 6256, 1083]"
2140,"[918, 2372]"
2142,"[2415, 222, 2271, 1901]"
2143,"[2281, 5295, 4395, 2484]"
2150,[4407]
2166,[206]
2181,[4440]
2191,"[3299, 1083, 15482, 9826, 13156]"
2192,"[99, 4541, 2893]"
2195,[5770]
2196,[2469]
2197,"[3941, 4387, 6776]"
2200,"[4481, 1015, 2893]"
2201,[4795]
2204,[1504]
2205,[10444]
2206,"[227, 212]"
2208,"[594, 554, 17648]"
2209,[562]
2211,"[5968, 2166, 3028]"
2212,[7768]
2213,[7768]
2215,[18385]
2216,[11004]
2217,"[3032, 3043, 808, 8946, 8930, 18481]"
2221,[289]
2229,"[217, 292]"
2231,[1459]
2233,"[618, 5414, 10743, 618]"
2237,[609]
2239,[1167]
2244,"[868, 17320, 2362, 5296, 11901, 190, 4092, 7791, 4124]"
2246,"[17432, 248, 2911, 2914, 16199, 17192, 5883, 271, 16195]"
2253,[456]
2266,[1975]
2272,"[1401, 1401, 1401]"
2276,[917]
2280,[4631]
2282,[4631]
2297,[4627]
2300,[4627]
2304,[4625]
2308,[8388]
2310,[4627]
2317,[370]
2336,"[613, 4494, 418]"
2345,"[2940, 966]"
2346,[355]
2349,"[64, 980, 292, 525, 618, 11076, 691, 3231, 6629, 2904]"
2352,[89]
2356,[2515]
2360,[4036]
2362,"[3885, 5491]"
2371,[10613]
2372,[400]
2381,[7268]
2384,"[7821, 6160]"
2385,[3132]
2393,[4058]
2395,[802]
2398,[289]
2403,[461]
2411,[157]
2416,[157]
2417,[4938]
2419,[2186]
2422,[2186]
2426,[198]
2429,[805]
2430,[4468]
2444,[2130]
2453,[8743]
2458,[17523]
2463,[1381]
2469,[154]
2479,[5060]
2489,"[7901, 12930]"
2503,[293]
2511,"[475, 248, 6620]"
2520,[1425]
2522,[81]
2525,"[2605, 16127, 18229, 18232, 15675, 617]"
2531,[6045]
2548,"[2360, 706]"
2575,"[1416, 1465]"
2593,[59]
2602,[238]
2605,"[207, 917]"
2606,"[1242, 9297]"
2607,[10632]
2608,[3531]
2609,"[13042, 4083, 14745, 440]"
2610,"[14745, 14745, 16463, 12026]"
2625,[72]
2627,[16478]
2637,[289]
2640,"[2921, 6895]"
2660,"[3554, 17714]"
2661,[769]
2666,[5089]
2694,[5242]
2700,[1828]
2701,[701]
2707,"[157, 257]"
2712,[1885]
2726,"[966, 860, 991, 535, 1489, 11917, 5785, 1116]"
2770,[724]
2784,"[12925, 7932, 3501]"
2785,"[311, 1610, 2910, 6885]"
2796,"[8370, 17185]"
2798,[5698]
2805,"[851, 5503, 4495, 59]"
2806,"[295, 7578]"
2808,[469]
2811,[455]
2815,[4561]
2824,"[14014, 18524, 9735]"
2829,[646]
2836,[17978]
2847,[1672]
2850,"[1, 406, 4575, 340]"
2854,[289]
2876,[225]
2885,[774]
2886,[9353]
2887,"[8781, 3285]"
2894,[1524]
2901,[1524]
2903,[1524]
2908,[1524]
2920,[1524]
2924,[1521]
2925,[15564]
2927,[1524]
2929,[1524]
2938,"[7327, 5746]"
2944,[7012]
2969,[542]
2974,[2956]
2980,[377]
2985,"[210, 1000]"
3020,[680]
3022,"[7759, 2059]"
3038,[289]
3039,[301]
3045,[9766]
3048,"[8283, 2136, 9896]"
3061,[6250]
3066,[6076]
3068,[484]
3070,[241]
3097,[2673]
3111,[622]
3124,[843]
3135,[15]
3163,[680]
3171,"[2361, 959]"
3173,[467]
3174,"[913, 287, 317]"
3175,"[301, 241]"
3177,[6375]
3178,[6387]
3179,"[4883, 6377]"
3181,"[1935, 11077]"
3182,"[251, 6375, 1841]"
3184,"[907, 6376, 14300, 1613, 67, 279]"
3185,[295]
3186,[332]
3187,"[285, 312]"
3188,"[2922, 1641, 4733]"
3189,[6394]
3200,[386]
3210,[172]
3211,[292]
3212,[1450]
3213,"[528, 11070]"
3216,[300]
3233,[6510]
3234,[6518]
3236,[12025]
3244,"[3562, 868]"
3258,[322]
3261,[1178]
3275,"[17335, 18039]"
3284,[969]
3315,[1959]
3332,[11342]
3340,[6975]
3364,[951]
3366,[331]
3368,[3730]
3375,"[172, 6722, 718]"
3376,[171]
3383,[6689]
3394,[349]
3400,[306]
3418,[320]
3422,[1891]
3425,[6732]
3439,[100]
3445,[10820]
3457,[418]
3479,[1709]
3496,"[3675, 2562, 6783]"
3497,[6791]
3507,[1045]
3508,[11817]
3524,[1873]
3527,[2606]
3534,"[2252, 4598, 6898, 6901, 6905, 2909]"
3535,[2931]
3537,"[306, 6888, 2226]"
3538,[1613]
3539,"[6900, 2236, 2226, 1610, 6621, 6887]"
3540,"[475, 1402]"
3541,"[276, 360, 3227]"
3542,"[6891, 6885, 2913]"
3543,"[6900, 267]"
3544,[1640]
3547,"[6888, 17927]"
3549,"[6620, 2906]"
3550,[1402]
3551,"[4598, 6891]"
3552,"[6896, 6891, 3227, 2923, 2927]"
3557,"[2913, 17062, 527]"
3558,[249]
3560,"[6892, 6890, 6895]"
3572,[2454]
3577,"[17279, 2339, 2317]"
3585,[14071]
3586,"[18166, 1708]"
3588,"[534, 227, 683, 1824]"
3589,"[1713, 18094]"
3590,[7012]
3591,[70]
3593,[7031]
3596,[7010]
3599,[7414]
3600,[1415]
3605,"[16713, 159]"
3606,[1412]
3609,"[12123, 9521]"
3612,[1412]
3631,[707]
3651,[1708]
3652,[17330]
3653,"[6397, 10162, 2330, 8600]"
3654,[18736]
3657,[17058]
3658,[3213]
3669,[18736]
3673,"[9761, 1098, 5715]"
3674,[1119]
3684,[7084]
3697,[511]
3699,[67]
3700,"[824, 2966, 930]"
3701,[1339]
3703,[2755]
3704,[15]
3706,[1254]
3711,[7382]
3775,[18371]
3779,[4915]
3790,[7293]
3800,[1413]
3807,[11886]
3809,[6245]
3810,"[1867, 4170, 3927, 9282]"
3816,[51]
3822,[333]
3828,"[9539, 172]"
3829,"[436, 166, 424, 172]"
3831,"[154, 1090]"
3832,[3475]
3835,[418]
3837,[12618]
3844,[9702]
3849,[841]
3862,"[7439, 2632]"
3863,[2459]
3868,"[701, 701]"
3882,[72]
3890,[854]
3895,[3110]
3898,[7465]
3899,[7465]
3902,[7465]
3924,[7552]
3925,"[9612, 3149]"
3926,"[5246, 227]"
3929,[9614]
3955,[289]
3970,"[12893, 67]"
3980,[5421]
3981,[7694]
3986,[11476]
4008,[1339]
4013,"[691, 1738, 72]"
4043,[1110]
4044,[154]
4045,[701]
4046,[14956]
4047,[7057]
4052,"[4716, 3204]"
4093,[7870]
4101,[1061]
4102,[11892]
4104,[7876]
4113,[7515]
4116,"[5235, 7530, 7623]"
4117,[1276]
4120,[7925]
4140,[1505]
4141,"[7927, 8552, 2792]"
4209,[18270]
4227,[599]
4231,[519]
4238,[892]
4253,[730]
4258,"[2842, 2865]"
4259,[8111]
4260,[2175]
4261,[14429]
4263,"[582, 8126, 2894]"
4273,[613]
4283,"[466, 699, 456]"
4288,[13397]
4289,"[428, 2398, 3616, 222]"
4299,[475]
4300,"[6790, 2783]"
4307,"[3729, 5600]"
4308,[15329]
4309,[13434]
4316,[8256]
4328,"[26, 6425]"
4332,[8250]
4340,"[8544, 4384]"
4341,[265]
4343,[3501]
4346,[157]
4350,[15236]
4351,[1130]
4352,[486]
4354,[234]
4356,"[6724, 486, 100, 159]"
4359,[8323]
4364,[8322]
4376,[355]
4387,[533]
4397,[13879]
4408,[6836]
4411,[360]
4412,[798]
4418,[13624]
4426,[8523]
4429,[10653]
4430,"[2467, 11637, 2455]"
4449,"[11239, 9424, 7932]"
4469,[4566]
4473,[8607]
4497,[378]
4505,[964]
4507,[584]
4517,[1378]
4518,[233]
4533,[4387]
4547,[2344]
4549,"[5427, 11806]"
4585,[16524]
4605,[17324]
4612,[5235]
4613,"[11136, 903]"
4620,[797]
4621,[332]
4623,[5549]
4627,[616]
4634,[4064]
4672,[722]
4676,[9470]
4679,"[14324, 2102, 15325]"
4711,[1889]
4712,[601]
4719,[5149]
4720,"[3572, 543]"
4721,"[5767, 2376, 456]"
4726,[16808]
4758,[9046]
4774,[3164]
4792,"[17132, 2331]"
4805,[7061]
4810,[7061]
4834,[2387]
4846,[16133]
4847,"[13154, 961]"
4854,[3620]
4855,[7340]
4856,[304]
4861,[2937]
4863,[1401]
4865,[1897]
4874,[9254]
4882,"[9541, 2640]"
4886,[1609]
4897,"[8140, 7473]"
4915,"[1079, 1738, 3201]"
4920,"[1160, 1469]"
4921,"[1244, 10114]"
4922,"[3426, 1879]"
4923,"[5254, 4932]"
4924,[10632]
4925,"[15269, 8309]"
4926,[1686]
4927,"[2523, 1002, 51]"
4928,"[4068, 1244, 9287]"
4932,"[6777, 8552]"
4933,[9289]
4934,[1469]
4938,"[1794, 429, 172]"
4940,[5258]
4944,"[5803, 2676]"
4946,[1921]
4952,[1520]
4955,"[6959, 1415, 707]"
5009,[1376]
5010,"[9477, 3461]"
5011,[14067]
5019,[15420]
5033,[9141]
5042,[1943]
5043,[14712]
5049,[288]
5076,[17096]
5094,"[2606, 238]"
5103,"[9596, 9616]"
5104,"[5850, 8121, 9609]"
5129,[5306]
5140,[226]
5141,[436]
5148,[1652]
5183,[9651]
5194,[7759]
5197,[5254]
5217,[1576]
5218,[7620]
5220,[2330]
5229,[6563]
5244,[797]
5252,[234]
5254,[234]
5260,[951]
5267,[461]
5284,[157]
5286,"[1470, 532, 1379]"
5294,[1941]
5295,"[511, 310]"
5300,[1941]
5302,"[292, 511]"
5304,[3081]
5315,"[932, 932]"
5317,"[1017, 99]"
5322,"[172, 1414]"
5327,[1520]
5328,"[1946, 13094]"
5329,[13100]
5367,[245]
5370,[271]
5375,[331]
5381,[267]
5385,[3317]
5392,[331]
5393,[267]
5407,[11178]
5409,[1527]
5410,[9919]
5452,[1947]
5493,[14712]
5501,[215]
5532,[5824]
5534,[4165]
5544,[10128]
5621,[1429]
5632,"[4319, 10299, 10303, 17175]"
5667,[220]
5675,"[233, 10891]"
5682,[1841]
5684,[1614]
5693,"[11132, 7577, 7591]"
5694,"[7588, 7759]"
5712,[629]
5715,[10415]
5736,[9266]
5753,[5635]
5770,[4865]
5778,"[1708, 1708, 721]"
5803,"[4194, 7329]"
5818,[12397]
5819,"[6711, 3199]"
5845,[2270]
5876,[67]
5913,[5240]
5939,"[11039, 3437]"
5976,[10676]
5994,[4448]
5997,[188]
6016,[10856]
6022,[1713]
6031,[238]
6041,[292]
6045,"[55, 295]"
6049,"[291, 889]"
6095,"[10807, 12798]"
6102,[867]
6103,"[220, 65]"
6104,[288]
6110,[545]
6133,[3239]
6134,"[481, 2130]"
6155,"[479, 479]"
6164,[11040]
6170,[8510]
6171,"[107, 154, 3884, 54]"
6197,[157]
6213,"[16897, 11090]"
6216,"[6654, 6652, 6649]"
6229,[17338]
6253,"[7153, 7239]"
6256,[5866]
6263,[7756]
6276,[3577]
6287,[4467]
6295,[15675]
6304,"[364, 3584, 3589]"
6309,[10515]
6312,[5160]
6316,[917]
6318,"[10768, 5823]"
6344,[11341]
6348,[11346]
6349,[11346]
6352,[9734]
6357,"[9734, 11347]"
6358,[11342]
6359,[11337]
6363,"[11347, 12439]"
6364,[11347]
6369,[1083]
6420,[1632]
6444,[5799]
6445,[11479]
6450,"[6458, 7904]"
6483,[5549]
6486,[464]
6489,[2422]
6492,[6463]
6518,[163]
6529,[4460]
6540,[11613]
6563,[6141]
6566,[17367]
6571,[13319]
6572,[14014]
6573,[17136]
6576,"[11659, 11675, 8837, 3004]"
6577,[3505]
6580,[625]
6584,[4779]
6599,[6389]
6604,[11693]
6618,[973]
6619,[291]
6623,[1820]
6628,"[8215, 13888]"
6629,"[2542, 14138, 4532, 612]"
6642,[3377]
6646,[2468]
6648,"[3407, 1130]"
6692,[10564]
6763,[866]
6767,[2179]
6795,[6784]
6796,[3768]
6797,[1122]
6798,"[8461, 221, 9826]"
6803,"[3444, 1242]"
6804,[2531]
6812,[981]
6815,[51]
6817,[715]
6820,"[3718, 3721]"
6824,"[8110, 583]"
6825,[3024]
6827,[583]
6830,[3620]
6832,[11921]
6833,[2873]
6853,[4810]
6873,[1897]
6877,[3317]
6900,[3470]
6928,[15611]
6934,[498]
6976,"[494, 5972, 1858]"
6980,[1237]
6998,[1131]
6999,[12081]
7000,[945]
7001,[489]
7002,[1468]
7005,"[917, 724]"
7006,[930]
7007,[707]
7011,[4361]
7034,[610]
7045,[7530]
7054,[12139]
7062,[4984]
7070,[536]
7083,[1515]
7104,"[1041, 3931]"
7117,[12231]
7138,[296]
7145,[2102]
7153,[2086]
7179,[2535]
7189,[4783]
7191,[1119]
7202,[13633]
7203,[4666]
7252,"[10231, 5434, 15308]"
7253,[6910]
7255,[6330]
7256,[3116]
7257,[12361]
7261,[12358]
7265,[3861]
7272,[14123]
7285,[12358]
7286,[1996]
7292,[2002]
7333,"[12441, 12435]"
7334,[17125]
7338,[12450]
7347,[12461]
7351,[12443]
7354,[17096]
7412,[1790]
7426,[12547]
7448,[12566]
7462,[3316]
7465,[610]
7474,"[11923, 8821]"
7489,[465]
7517,[11234]
7550,[8396]
7551,[12807]
7573,[3379]
7582,[1116]
7587,[16559]
7589,[1709]
7596,[12878]
7621,[1803]
7640,"[3928, 12951]"
7641,"[4750, 12950]"
7642,"[12034, 7754, 18269]"
7643,"[4170, 11217]"
7644,"[4361, 9187]"
7645,[12034]
7657,[1794]
7660,[6759]
7661,[412]
7682,[13001]
7745,[14752]
7760,[6335]
7797,"[601, 4978, 2531]"
7800,"[546, 4447, 99]"
7801,[3289]
7802,[1827]
7803,[9324]
7819,[13100]
7821,[13100]
7824,[13100]
7833,[13100]
7855,[13106]
7864,[10129]
7865,"[16101, 5353, 3147]"
7894,[903]
7898,"[908, 2639]"
7899,[2544]
7900,"[3748, 293]"
7920,[1389]
7922,[17895]
7937,"[913, 300, 288, 352]"
7938,"[5767, 14241, 325, 157]"
7951,[440]
7953,[6830]
7958,[6855]
7966,[757]
7967,[9438]
7995,"[1639, 5442]"
8002,"[1684, 701]"
8006,[1425]
8013,[535]
8014,[2523]
8015,[3501]
8017,[1001]
8024,"[126, 7759]"
8032,"[907, 2265]"
8048,"[4675, 190]"
8052,"[173, 1145, 9346]"
8053,[614]
8054,[159]
8061,"[1197, 4385, 3082, 4262, 493, 1151]"
8067,[660]
8116,[16022]
8160,[6194]
8215,[4848]
8219,[163]
8235,[1242]
8236,"[3458, 10130]"
8237,"[8936, 575, 13589, 562]"
8238,[9647]
8258,[10987]
8292,[13637]
8300,"[318, 1505, 326]"
8301,"[229, 360]"
8302,[1449]
8303,"[10677, 12573, 311, 1470]"
8304,"[3400, 2053, 344, 9654, 546, 3982]"
8305,"[498, 360, 13063]"
8306,"[1692, 680, 294]"
8309,[951]
8314,[701]
8333,[12025]
8341,[10894]
8367,[13687]
8382,[13710]
8386,[1461]
8392,"[207, 632, 763]"
8397,"[1613, 15922]"
8412,[409]
8414,"[1857, 5563]"
8440,[1458]
8450,[354]
8462,"[2280, 6824, 15159]"
8482,[13756]
8496,[2144]
8497,"[412, 11412]"
8498,"[2269, 615, 10524]"
8499,[2023]
8501,"[8122, 4541, 9598]"
8502,"[1242, 9699]"
8503,"[412, 229]"
8504,[10653]
8505,[1491]
8506,[265]
8508,"[2627, 13830]"
8510,[10628]
8513,[8649]
8516,"[906, 229, 355]"
8517,[13575]
8518,"[1150, 333]"
8520,"[11769, 874]"
8521,[3117]
8522,[6454]
8523,"[67, 1846]"
8554,[412]
8572,[6399]
8573,[3466]
8574,"[51, 2469, 1343]"
8576,[5260]
8578,"[993, 2469]"
8581,[993]
8582,[51]
8588,"[2469, 1889]"
8590,[6073]
8593,[599]
8594,"[1000, 1249]"
8595,[355]
8598,[6399]
8606,[1889]
8610,[1892]
8612,[18288]
8614,[18288]
8621,[154]
8670,"[7494, 10738, 603]"
8671,[13947]
8678,[13947]
8695,[744]
8716,[229]
8728,[1468]
8732,[66]
8733,[9456]
8734,[13309]
8748,[3279]
8749,[9468]
8753,[187]
8755,[854]
8772,[13999]
8797,[13999]
8804,[14014]
8810,[14014]
8824,[14029]
8829,[190]
8840,[2549]
8853,[17045]
8854,[6853]
8864,[1991]
8872,[190]
8875,[14071]
8907,[14123]
8933,[14736]
8951,[12565]
8967,[1179]
8995,[4117]
9018,[429]
9035,[7078]
9171,[1116]
9176,[333]
9183,"[229, 431, 8830]"
9202,[730]
9203,"[7681, 14500]"
9223,[14492]
9227,[14494]
9243,[1746]
9248,[261]
9255,[72]
9262,"[2183, 2571]"
9278,[14542]
9314,[8664]
9323,[374]
9328,[14594]
9337,[3721]
9361,[14633]
9416,[16566]
9417,[2091]
9425,"[14744, 11200]"
9427,[8678]
9428,"[11352, 8701]"
9429,"[14684, 15799, 4728]"
9431,[14780]
9433,[13162]
9435,[2037]
9436,[3702]
9437,[13659]
9440,[14668]
9443,[8702]
9457,[14665]
9471,"[1401, 500, 1878, 484, 16064]"
9473,"[4439, 4487]"
9474,[2433]
9475,[4737]
9478,[4724]
9482,"[13736, 1692]"
9491,[11763]
9501,[56]
9503,[547]
9550,[1176]
9558,[2523]
9564,[3057]
9565,[7649]
9570,[15250]
9609,[425]
9615,[779]
9629,[14931]
9632,[14931]
9637,[14931]
9640,[2370]
9641,[1219]
9663,[2902]
9674,[1394]
9728,"[1572, 4297]"
9733,[4619]
9745,"[455, 3947]"
9761,[8991]
9763,"[1242, 7935, 291]"
9764,"[3327, 230, 333]"
9765,"[4250, 5785]"
9766,[471]
9793,"[936, 917]"
9799,"[15251, 15250]"
9817,"[5429, 12787, 229, 9953]"
9820,"[1988, 6600]"
9821,"[2427, 1384, 4385]"
9822,"[3900, 54, 14922, 182, 2425]"
9823,[6602]
9824,[159]
9825,"[418, 16373]"
9826,"[1656, 1470, 3193]"
9827,[1516]
9828,[5185]
9829,[680]
9830,[4948]
9847,[292]
9861,[3317]
9874,[13669]
9908,[930]
9913,[1673]
9920,[461]
9923,[5778]
9935,[2044]
9945,"[233, 1424, 434, 6453, 227]"
9946,[5925]
9953,[4191]
9954,[2840]
9955,"[7625, 4621]"
9958,"[4434, 4189]"
9965,[4262]
9972,[8789]
9973,[333]
9974,[9467]
9981,[2467]
9983,[356]
9998,"[707, 2794, 706]"
10021,[1583]
10092,[85]
10096,[1897]
10098,[82]
10099,[11638]
10100,[1061]
10110,[16454]
10112,[13327]
10122,[2929]
10138,[4613]
10139,[1832]
10159,"[2405, 12000]"
10175,[15738]
10206,[15748]
10231,[1372]
10232,[918]
10233,[1339]
10270,[18371]
10298,[3568]
10304,[18664]
10311,[3279]
10361,[229]
10362,[15919]
10368,[15919]
10387,[349]
10394,"[1798, 10660, 300]"
10437,[1090]
10454,[679]
10472,[1045]
10489,[2672]
10490,"[13443, 15860]"
10498,[16059]
10504,[1515]
10533,"[7029, 13168, 6213, 14740]"
10534,"[7353, 12918, 7809]"
10537,[1418]
10559,"[854, 1527, 9468]"
10581,[16203]
10585,[1643]
10586,[58]
10587,"[4111, 7661]"
10588,[11230]
10589,[857]
10597,[679]
10599,[89]
10600,[857]
10620,[614]
10686,[289]
10691,[8233]
10692,"[1072, 53]"
10694,[4609]
10709,[16364]
10721,[16364]
10738,[16368]
10740,[912]
10749,[1388]
10772,[1889]
10806,[2614]
10829,[3264]
10836,[1369]
10848,"[10561, 7475]"
10862,[184]
10903,[56]
10908,[292]
10947,[234]
10962,"[16591, 4194]"
10969,[13182]
10970,[13182]
10990,[461]
11055,[7047]
11059,[2254]
11060,[2222]
11070,[72]
11074,[72]
11089,[899]
11098,[16763]
11101,[2080]
11119,[16778]
11142,[28]
11163,[4714]
11164,[7123]
11200,[16875]
11204,[16875]
11210,"[13246, 16883]"
11235,[89]
11244,[2251]
11255,[3330]
11259,[16915]
11334,[17011]
11347,[660]
11352,[318]
11359,[14925]
11374,[12435]
11375,[17102]
11379,[17106]
11439,"[14114, 6048, 15204]"
11440,"[6048, 14114, 14115, 14111]"
11450,[17228]
11469,[753]
11474,[1950]
11485,[714]
11486,[11588]
11487,"[7183, 3716]"
11488,[159]
11489,[5480]
11491,[195]
11499,[55]
11501,"[3763, 7821]"
11506,"[15457, 17336]"
11507,[17370]
11512,[17333]
11517,[17363]
11519,[17335]
11520,[18454]
11523,"[3141, 17363]"
11528,[17338]
11530,[17335]
11534,[6531]
11563,[278]
11614,"[2786, 4447]"
11615,[7286]
11616,[7281]
11624,[17507]
11629,[16666]
11643,[292]
11653,[1553]
11688,[17568]
11691,[2915]
11695,[481]
11734,[1580]
11736,[4996]
11738,[2346]
11739,[1427]
11757,[7096]
11791,"[222, 440]"
11796,[217]
11797,[959]
11798,"[6836, 217, 17904]"
11804,[6836]
11811,[6836]
11847,[1014]
11859,[4147]
11877,"[10955, 6452, 440]"
11878,"[6773, 3615]"
11904,[1596]
11914,[2632]
11933,"[1062, 12165, 15551]"
11934,[1896]
11935,[8705]
11936,"[6847, 7649, 84, 2271]"
11941,[8657]
11956,"[8178, 8076]"
11957,"[17723, 524]"
11965,[4800]
11966,[2789]
12021,"[265, 3198]"
12022,[296]
12024,[701]
12025,[257]
12026,[7926]
12027,[10900]
12029,"[962, 4565]"
12035,[2086]
12041,[17971]
12044,[1238]
12047,[11520]
12053,[17978]
12056,"[951, 1803]"
12060,[956]
12073,[1377]
12083,[163]
12094,[17752]
12095,[18039]
12099,[15679]
12101,[1952]
12132,"[15108, 8114]"
12136,[16562]
12174,[5581]
12208,"[2048, 1534]"
12209,"[5929, 3777, 396, 1843, 16503, 7929, 9869, 985]"
12218,"[18241, 5478]"
12219,[5475]
12220,[18233]
12222,[18230]
12232,[18229]
12239,[296]
12249,[289]
12251,[288]
12265,[622]
12266,[9433]
12267,[18267]
12269,[246]
12273,[689]
12276,[2019]
12287,[7904]
12288,[7183]
12290,[1243]
12292,[2977]
12294,"[12561, 1440]"
12303,[15146]
12306,[10989]
12311,[5752]
12345,[233]
12371,[5241]
12382,[1747]
12412,[18371]
12418,[18371]
12457,[18424]
12494,[6252]
12525,[3184]
12543,[288]
12546,[227]
12638,"[9043, 2316]"
12642,[8749]
