1,"[2850, 179]"
2,[575]
3,[4]
5,"[612, 1097]"
6,[1484]
7,"[1, 233, 232, 56, 61, 2]"
8,[1219]
9,[86]
10,[61]
11,"[86, 86]"
12,"[742, 2096]"
15,"[3704, 3135]"
16,[190]
18,[575]
19,[86]
20,[4]
22,[67]
24,[9]
26,"[4328, 46]"
28,"[11142, 2092, 4]"
30,"[61, 233]"
31,"[61, 86]"
32,"[61, 74, 18, 86]"
33,[565]
36,"[6, 187]"
37,"[30, 86, 12]"
41,[86]
44,[1447]
45,[181]
47,"[4, 4]"
48,[321]
49,[61]
50,[61]
51,"[503, 8574, 16, 3816, 73, 395, 73, 965, 74, 896, 8582, 39, 73, 16, 73, 1446, 17, 6815, 17, 74, 4927]"
52,"[130, 21, 15, 20, 727]"
53,"[81, 10692, 25, 13]"
54,"[826, 21, 9822, 24, 6171]"
55,"[130, 39, 24, 496, 11499, 510, 6045, 130, 234, 25, 372, 366, 130, 209, 24, 204, 360]"
56,"[10903, 309, 213, 956, 1911, 9501, 39]"
57,[13]
58,"[74, 130, 130, 287, 10586, 130, 105, 79, 187]"
59,"[1547, 42, 16, 275, 19, 16, 81, 25, 84, 39, 18, 16, 25, 25, 84, 18, 2805, 934, 16, 2593, 25]"
62,[17]
63,"[23, 13, 23, 14]"
64,"[2349, 33, 187, 309, 604, 74, 500]"
65,"[389, 78, 79, 109, 285, 81, 73, 389, 84, 81, 389, 512, 73, 296, 387, 73, 195, 73, 78, 78, 6103, 127]"
66,"[8732, 18, 21]"
67,"[352, 184, 39, 18, 1032, 8523, 39, 39, 238, 3699, 238, 130, 209, 357, 238, 203, 19, 25, 39, 130, 642, 24, 216, 5876, 3184, 39, 3970, 238]"
69,"[829, 130]"
70,"[833, 18, 3591, 836, 15, 39, 1680, 18, 187, 130]"
71,"[79, 296, 130, 1530, 79]"
72,"[74, 713, 73, 352, 74, 1994, 2625, 25, 11070, 16, 9255, 508, 11074, 18, 187, 508, 24, 16, 18, 16, 74, 513, 234, 4013, 191, 39, 233, 187, 74, 24, 18, 1478, 14, 17, 195, 16, 238, 389, 1492, 74, 195, 74, 3882]"
73,"[13, 20, 13]"
75,"[25, 74, 16]"
77,"[25, 508]"
80,"[18, 18, 39, 18]"
81,"[389, 21, 195, 18, 62, 79, 21, 2522, 213, 130, 79]"
82,[10098]
83,[25]
84,"[26, 81, 11936]"
85,"[1858, 10092, 900, 195, 25]"
86,"[625, 24, 730]"
88,"[79, 79, 102, 18, 1426, 102, 234, 81, 79, 79, 79, 18, 79, 102]"
89,"[49, 766, 49, 234, 130, 10599, 481, 324, 39, 2352, 11235, 199, 662, 206, 130, 508, 216, 671, 24, 1613, 134, 658, 39, 208, 24, 232, 18, 364, 206, 49, 39, 17]"
90,[309]
91,"[962, 885]"
93,"[14, 66]"
95,"[39, 127, 24]"
96,"[130, 829, 192, 735, 25]"
97,"[625, 195]"
98,"[908, 16, 25, 17, 896]"
99,"[2192, 73, 360, 5317, 7800]"
100,"[509, 25, 195, 4356, 3439, 17]"
101,[50]
102,[14]
103,"[14, 545]"
106,[34]
107,"[6171, 33, 18, 70]"
126,"[84, 69, 8024, 191, 67]"
137,"[1995, 14]"
151,"[234, 13]"
152,"[387, 424, 387, 424]"
153,[79]
154,"[206, 33, 4044, 2469, 13, 79, 81, 389, 195, 18, 78, 3831, 6171, 79, 79, 84, 195, 8621, 526, 18, 81, 364, 79, 18, 79, 127, 81, 81, 824, 1348]"
155,"[352, 251, 625, 24, 238, 127]"
156,[73]
157,"[39, 2411, 209, 625, 352, 2416, 24, 25, 6197, 2707, 39, 24, 960, 511, 505, 24, 509, 231, 1032, 7938, 5284, 4346, 401]"
159,"[8054, 79, 1542, 285, 11488, 79, 190, 9824, 79, 1478, 24, 73, 78, 1859, 190, 1478, 73, 16, 3605, 4356, 16, 16, 195, 1100]"
161,"[232, 306, 102]"
162,"[87, 33, 821]"
163,"[33, 88, 387, 192, 72, 192, 8219, 6518, 12083, 735, 73, 1066, 387]"
166,"[511, 352, 2068, 3829, 79, 73, 78]"
167,"[39, 24, 18]"
170,[79]
171,"[3376, 81]"
172,"[79, 78, 3375, 3210, 230, 5322, 56, 3828, 3829, 4938]"
173,"[73, 8052, 79, 78, 84, 127, 79, 79, 389, 81, 79, 78, 955, 79, 850, 426, 195, 389, 78, 78, 81, 81, 73, 73, 238, 389, 56]"
174,"[88, 18, 568, 90]"
176,"[1076, 735, 72, 72, 73, 72, 72, 192, 127]"
180,"[25, 73, 73, 1352, 25, 24]"
181,"[5, 1]"
182,"[447, 73, 842, 389, 79, 195, 825, 81, 389, 73, 389, 195, 824, 762, 79, 79, 9822, 195, 839]"
183,"[195, 18, 508, 22, 85]"
184,"[134, 824, 10862]"
186,"[79, 79]"
187,"[56, 24, 16, 74, 8753, 213, 956, 850, 16]"
188,"[385, 1889, 1889, 5997, 76]"
189,[958]
190,"[8872, 127, 79, 850, 842, 81, 78, 1348, 81, 799, 8829, 84, 724, 72, 387, 2244, 84, 78, 73, 8048, 836, 81, 73, 81, 78, 46, 81, 387, 81, 387, 127, 78]"
191,"[210, 513, 234, 73, 184]"
192,"[73, 192, 247, 25, 73, 735, 1355]"
193,"[74, 25, 25, 25, 121, 17]"
195,"[296, 127, 84, 508, 352, 11491]"
196,"[185, 292, 84, 79]"
197,"[306, 33, 73, 73]"
198,"[2, 1, 177, 1, 2426, 79, 1, 1, 2, 79]"
199,"[81, 81]"
200,"[302, 245]"
202,"[78, 1046]"
203,"[389, 192, 79, 389, 81, 78, 81, 73]"
204,"[81, 508, 185, 213]"
205,"[81, 292, 292]"
206,"[46, 285, 210, 79, 2166, 79]"
207,"[8392, 389, 84, 249, 84, 850, 2605, 387, 79, 84, 73, 78, 13]"
208,"[83, 185]"
209,"[79, 176, 79, 73, 73, 79, 73, 73, 176, 79, 178, 73]"
210,"[2985, 81, 73, 81, 195]"
211,"[81, 292, 84]"
212,"[306, 292, 134, 292, 2206, 73, 247, 292, 292, 192]"
215,"[292, 1911, 5501, 185, 839]"
216,"[73, 84, 81, 352]"
217,"[81, 81, 11798, 2229, 508, 81, 11796, 73]"
219,"[757, 191]"
220,"[352, 5667, 6103, 2003, 73, 73, 1892, 216]"
221,"[78, 6798, 73, 84, 13]"
222,"[79, 2142, 84, 11791, 292, 79, 79, 78, 79, 84, 4289]"
223,"[79, 393]"
225,"[81, 87, 2876, 79, 73]"
226,"[73, 72, 78, 72, 5140, 543, 793, 306]"
227,"[24, 24, 192, 73, 195, 1911, 109, 306, 170, 12546, 247, 195, 134, 2206, 3926, 192, 231, 79, 1097, 206, 228, 3588, 192, 88, 500, 2115, 1970, 24, 195, 780, 24, 78, 195, 9945]"
228,"[1210, 84, 84, 73, 78, 79, 79, 81, 73, 84]"
229,"[81, 9183, 81, 296, 234, 81, 8516, 8301, 508, 73, 8716, 79, 24, 9817, 73, 824, 10361, 84, 195, 501, 73, 79, 79, 706, 16, 8503, 84]"
230,"[352, 79, 182, 134, 79, 181, 169, 182, 169, 79, 182, 216, 285, 79, 79, 9764, 73, 182, 422]"
232,"[611, 94, 127]"
233,"[5675, 234, 9945, 18, 12345, 817, 79, 61, 814, 801, 18, 793, 73, 4518, 61, 187]"
234,"[170, 73, 78, 170, 79, 81, 5254, 10947, 5252, 4354, 78, 73, 73, 79, 352, 81, 73, 170, 352]"
235,[81]
237,"[33, 79, 18, 33, 1534]"
238,"[18, 127, 2602, 21, 719, 6031, 18, 5094, 127, 187, 14]"
239,[130]
241,"[24, 238, 701, 167, 3070, 3175]"
245,"[306, 5367, 311]"
246,[12269]
247,[625]
248,"[2246, 2511]"
249,"[3558, 103, 102]"
250,"[735, 311, 1492]"
251,"[640, 625, 3182, 209, 352]"
253,"[25, 73, 73, 306, 24, 73, 184, 24]"
256,"[823, 1495]"
257,"[238, 2707, 231, 24, 1735, 12025, 1209, 130]"
261,"[130, 9248, 693]"
262,"[167, 103, 103]"
263,[83]
265,"[12021, 4341, 130, 24, 1039, 184, 611, 321, 130, 8506, 1086, 13]"
266,"[216, 824]"
267,"[5381, 102, 5393, 1911, 3543]"
268,[24]
271,"[5370, 123, 102, 1911, 2246]"
272,[130]
273,[167]
276,"[3541, 527]"
278,"[92, 102, 11563, 102]"
279,"[371, 24, 3184, 231, 526]"
283,"[39, 636, 432]"
285,"[352, 24, 527, 24, 3187, 128, 73, 1882]"
287,"[625, 3174, 130, 640]"
288,"[216, 12543, 231, 850, 24, 632, 632, 167, 311, 662, 167, 213, 210, 49, 789, 24, 7937, 285, 206, 5049, 1237, 130, 39, 24, 49, 102, 12251, 6104, 206]"
289,"[10686, 850, 3038, 208, 39, 641, 209, 206, 109, 39, 346, 39, 730, 209, 24, 130, 642, 12249, 216, 18, 2637, 1304, 208, 483, 209, 216, 130, 2398, 238, 3955, 364, 1311, 642, 2854, 24, 1592, 130, 509, 24, 39, 1086, 2221, 24, 636, 1955, 352, 1614, 209, 636, 24, 127, 1447, 24, 18]"
290,"[24, 784, 130]"
291,"[481, 216, 6049, 18, 727, 6619, 1912, 130, 109, 109, 73, 9763, 24, 134]"
292,"[167, 11643, 838, 24, 625, 10908, 781, 18, 2349, 213, 24, 9847, 1912, 209, 1727, 24, 187, 667, 200, 208, 130, 210, 209, 39, 839, 349, 797, 130, 5302, 130, 3211, 216, 130, 352, 130, 667, 39, 130, 2229, 364, 200, 24, 24, 83, 24, 234, 6041]"
293,"[24, 238, 73, 24, 130, 2503, 1352, 73, 7900, 109, 39]"
294,"[24, 167, 508, 8306, 231, 24]"
295,"[640, 167, 2806, 167, 238, 167, 6045, 24, 774, 167, 701, 238, 130, 3185, 640, 49, 206, 49, 167, 24]"
296,"[12022, 7138, 12239, 231, 24]"
298,"[210, 206, 24, 1753, 24, 24, 18, 130, 234, 81, 24, 1753]"
299,"[238, 167, 308, 346, 24]"
300,"[49, 7937, 18, 24, 24, 24, 3216, 109, 657, 512, 10394, 24, 73, 39, 39]"
301,"[167, 210, 130, 134, 3175, 3039, 130, 625, 24, 24, 130, 238, 526, 625]"
302,"[130, 167, 73, 73]"
304,"[4856, 167]"
305,"[130, 216, 39]"
306,"[3537, 130, 24, 228, 18, 3400, 238, 167]"
307,"[134, 134, 24]"
308,[238]
310,"[130, 292, 134, 292, 5295, 354]"
311,"[2785, 24, 508, 130, 8303, 167, 24, 130]"
312,"[167, 3187, 24]"
314,"[370, 167, 102]"
316,"[801, 213, 292, 130, 526, 24, 73]"
317,"[238, 24, 3174]"
318,"[109, 8300, 39, 238, 1097, 24, 11352, 39]"
320,"[24, 167, 3418, 1727, 304]"
321,"[405, 1652, 109, 234]"
322,"[3258, 1100, 49]"
323,[1483]
324,"[78, 81, 84, 296, 18]"
325,"[654, 24, 231, 39, 39, 234, 24, 24, 7938, 349, 232, 405, 483, 285, 39]"
326,"[346, 130, 304, 1869, 8300]"
327,[167]
328,"[39, 187, 105, 39, 321, 105, 127]"
329,"[167, 797, 134, 209, 238, 1084]"
330,"[103, 103, 102, 304, 103]"
331,"[103, 5375, 103, 102, 1882, 304, 103, 3366, 5392]"
332,"[167, 167, 824, 4621, 130, 3186]"
333,"[182, 109, 9176, 9973, 512, 24, 182, 209, 109, 3822, 364, 169, 24, 24, 200, 181, 24, 242, 8518, 508, 9764]"
338,[234]
340,"[208, 216, 39, 24, 24, 2850, 1745]"
342,"[693, 49]"
344,"[134, 508, 49, 193, 193, 8304, 503, 228, 791, 24, 24, 683, 354, 216]"
347,[24]
349,"[130, 3394, 24, 24, 24, 1973, 10387, 39, 364]"
350,"[167, 167]"
352,"[508, 195, 730, 7937]"
354,"[199, 8450]"
355,"[8595, 39, 2346, 4376, 8516, 557, 84]"
356,[9983]
359,"[73, 130]"
360,"[508, 8305, 524, 238, 8301, 193, 3541, 4411, 1352]"
362,"[526, 130, 81, 526]"
364,[6304]
366,"[81, 73, 184, 79]"
367,"[167, 164]"
370,"[2317, 82]"
371,"[852, 78, 73]"
374,"[210, 706, 137, 9323]"
375,"[724, 541, 781, 229]"
376,[140]
377,"[1359, 2980, 177, 103, 177, 177, 191, 285, 78, 177, 79, 79]"
378,"[4497, 230, 832, 231, 79, 73, 179, 73, 73, 727, 130, 73, 79, 73]"
380,[73]
383,[79]
386,"[778, 39, 3200, 49, 625, 39]"
388,"[164, 996]"
389,"[130, 15, 826, 130, 1100, 14, 346]"
391,[137]
393,[164]
395,[140]
396,[12209]
400,[2372]
403,"[78, 1354, 1098, 1964, 73, 169]"
405,"[79, 190, 73]"
406,[2850]
407,[33]
408,[73]
409,[8412]
412,"[8497, 169, 8503, 169, 8554, 87, 7661]"
416,"[84, 285, 275, 73, 79, 127]"
418,"[3457, 1538, 9825, 88, 87, 79, 14, 14, 32, 213, 79, 1933, 87, 2336, 33, 33, 79, 3835, 14]"
419,"[81, 275, 275, 730]"
420,"[1660, 81, 73, 81, 249]"
422,[84]
423,"[662, 195, 127, 79, 292]"
424,"[275, 285, 81, 72, 84, 2008, 3829]"
425,"[49, 79, 81, 73, 9609, 81, 81, 79, 84]"
427,[81]
428,"[4289, 1535, 84]"
429,"[81, 9018, 84, 73, 275, 4938, 389, 25]"
430,"[842, 84, 79, 507, 292, 296, 81, 130]"
431,[9183]
432,"[81, 121, 855, 16, 78, 81, 16, 81]"
433,"[13, 84, 79, 14, 84]"
434,"[73, 216, 9945, 611]"
436,"[330, 79, 3829, 352, 5141, 170, 391]"
437,"[285, 354]"
438,"[662, 693]"
439,"[78, 432, 79, 81]"
440,"[11877, 292, 84, 81, 11791, 33, 7951, 2609]"
441,"[16, 275, 190, 1859, 1847, 275, 121, 1911, 275, 16, 79, 18, 275, 1847]"
442,"[134, 757]"
444,"[87, 87]"
445,"[757, 292]"
446,[296]
447,[311]
450,"[81, 79, 16, 84]"
451,[84]
453,[824]
454,"[33, 14]"
455,"[1491, 2811, 24, 508, 1766, 9745]"
456,"[2253, 109, 4283, 4721]"
458,"[24, 228, 737, 102]"
461,"[216, 130, 2403, 73, 39, 770, 5267, 642, 39, 405, 10990, 234, 109, 9920]"
462,"[46, 1494, 24]"
463,"[213, 352, 352]"
464,"[18, 6486, 1205, 103, 206, 199, 855, 102]"
465,"[231, 1088, 7489, 24]"
466,"[24, 18, 24, 39, 199, 4283, 39, 230, 49, 285, 39, 103, 730, 24, 199]"
467,"[39, 3173]"
468,"[39, 167, 103, 625]"
469,[2808]
470,[185]
471,"[9766, 187, 39]"
472,"[1354, 78, 512, 512, 73, 72]"
475,"[103, 209, 2511, 527, 3540, 511, 24, 4299, 184, 304, 102, 1392, 507, 102, 304, 102, 24]"
477,[1753]
479,"[6155, 6155]"
481,"[169, 11695, 109, 6134]"
484,"[306, 228, 625, 9471, 3068, 167]"
485,"[130, 187, 130, 18]"
486,"[78, 4356, 794, 798, 78, 73, 4352, 762, 762, 79, 206, 73, 494, 78]"
487,"[61, 494]"
488,"[73, 78, 78, 72]"
489,"[216, 177, 7001]"
490,"[839, 73]"
491,"[79, 103]"
493,"[73, 78, 73, 8061, 176, 79]"
494,[6976]
496,[213]
497,"[78, 79, 73, 79]"
498,"[8305, 209, 169, 182, 206, 6934, 79, 109, 176, 130, 169, 79, 169, 73, 1964, 1642, 78, 73, 508, 513, 79]"
499,"[216, 78, 78]"
500,"[9471, 176, 194, 376, 762]"
503,"[385, 739, 5, 739, 385, 601, 385, 385]"
504,"[850, 190, 1754, 1321, 831]"
506,"[26, 56, 82, 191, 76, 26, 26]"
509,"[238, 61]"
510,"[177, 177, 79, 370, 1, 78, 1]"
511,"[3697, 500, 73, 73, 1447, 5295, 73, 2068, 84, 79, 33, 5302, 2068, 79, 16, 352]"
512,"[1, 177, 1, 370, 177, 177, 2, 73, 79]"
514,[2]
515,"[190, 179]"
517,"[73, 1, 138, 2, 177, 191]"
518,"[89, 1, 1, 1]"
519,"[177, 738, 364, 4231, 177]"
520,[18]
521,"[196, 196]"
522,[575]
523,"[1727, 285, 1653, 73, 355, 73]"
524,"[1727, 11957]"
525,"[1911, 2349, 234, 130, 352, 1240, 24, 1489, 24, 13, 79]"
526,"[836, 18, 1534]"
527,"[228, 3557]"
528,"[130, 3213, 199, 195]"
529,"[90, 187, 39, 18]"
530,"[39, 209, 24]"
531,"[39, 102]"
532,"[5286, 39, 706, 199]"
533,"[192, 389, 24, 958, 4387, 389, 1212, 73, 73, 352, 73, 389, 84, 79, 79, 79, 1911, 84]"
534,"[3588, 24, 78, 130]"
535,"[8013, 706, 2726]"
536,"[73, 182, 182, 210, 73, 181, 7070]"
537,"[79, 176, 178]"
538,"[85, 109, 127, 1495, 232]"
539,[81]
540,"[169, 793, 1238, 79]"
542,"[662, 2969]"
543,"[216, 4720]"
544,"[1383, 306, 24, 238]"
545,"[6110, 167]"
546,"[127, 39, 127, 7800, 18, 195, 195, 389, 73, 955, 8304, 18]"
547,"[9503, 103, 102]"
548,"[24, 18, 130]"
550,[16]
552,"[249, 245]"
554,"[2208, 192, 192]"
562,"[73, 1228, 192, 73, 121, 192, 2209, 195, 285, 247, 192, 511, 195, 8237]"
569,"[850, 247, 625, 865]"
572,"[625, 625, 625]"
575,[8237]
576,"[829, 625, 625]"
578,"[85, 625]"
581,[829]
582,[4263]
583,"[6824, 6827]"
584,"[625, 85, 4507]"
585,"[192, 108]"
590,[108]
592,"[425, 13, 184, 33, 1302, 545]"
594,[2208]
599,"[73, 8593, 195, 195, 735, 79, 1727, 80, 192, 519, 13, 79, 79, 735, 4227, 80, 73, 836, 79]"
601,"[85, 1680, 625, 7797, 526, 127, 73, 4712, 24]"
602,[292]
603,"[47, 18, 47, 47, 8670]"
604,[604]
605,"[352, 79, 73, 102, 103]"
606,[14]
607,[735]
608,"[821, 625, 88, 1534]"
609,"[292, 2237, 185]"
610,"[7034, 13, 7465, 546]"
611,"[1534, 24, 296]"
612,"[16, 73, 25, 25, 6629]"
613,"[2336, 83, 83, 83, 191, 4273]"
614,"[170, 352, 170, 72, 10620, 192, 737, 8053, 192]"
615,"[81, 81, 8498, 134, 134]"
616,"[18, 4627]"
617,"[527, 1227, 103, 2525, 191]"
618,"[73, 2233, 73, 292, 2349, 81, 79, 73, 79, 2233]"
619,"[831, 102]"
620,"[84, 970, 957, 121]"
621,"[825, 81, 230]"
622,"[3111, 185, 12265, 757]"
625,"[83, 6580]"
627,"[24, 130, 18, 352]"
629,"[81, 5712, 81, 1825]"
630,"[824, 370]"
631,"[61, 61]"
632,"[33, 87, 8392, 87, 33, 33]"
633,[32]
638,[39]
641,[49]
644,"[206, 24]"
646,"[213, 2829]"
658,"[210, 356]"
660,"[11347, 8067, 1628]"
670,"[49, 301, 49]"
674,[39]
679,"[10454, 229, 10597, 508, 228, 493]"
680,"[1658, 73, 130, 9829, 8306, 3163, 3020, 349]"
681,"[730, 216, 109, 653, 24, 774, 73, 24]"
683,"[134, 134, 73, 1868, 73, 292, 1911, 3588, 73, 79]"
685,[206]
686,"[206, 130, 1651, 483, 231, 1753]"
687,[169]
688,[1237]
689,"[12273, 195, 195, 84]"
690,[79]
691,"[4013, 18, 81, 18, 187, 18, 2349, 18, 791]"
693,"[181, 285, 130, 169]"
697,"[13, 364]"
699,"[234, 4283]"
701,"[4045, 3868, 24, 130, 319, 797, 130, 356, 201, 130, 524, 356, 308, 12024, 3868, 8002, 2701, 39, 723, 8314, 24]"
703,"[81, 13, 836, 213, 213, 18, 26]"
704,"[73, 489, 73, 79, 84, 130]"
705,"[73, 432, 1247]"
706,"[72, 73, 73, 386, 72, 2548, 72, 9998, 72, 72, 72, 72]"
707,"[1, 737, 1431, 9998, 1, 1, 72, 285, 1, 1, 73, 386, 25, 4955, 1, 91, 1032, 7007, 1, 3631, 46]"
708,"[73, 109, 823]"
709,"[210, 73, 81, 73, 352, 850, 73]"
710,[72]
711,"[191, 830]"
712,"[1076, 25]"
714,[11485]
715,"[213, 412, 25, 6817, 24, 73]"
716,"[195, 79, 79, 84, 79]"
717,"[73, 192]"
718,"[193, 192, 193, 292, 292, 103, 3375]"
720,[253]
721,[5778]
722,"[4672, 30, 90]"
724,"[2770, 7005, 1, 386, 25, 72]"
725,[823]
726,"[181, 191, 191, 1, 191, 1, 72]"
727,"[23, 14, 545, 1530, 23]"
728,"[1228, 192, 192]"
730,"[1354, 735, 735, 9202, 4253]"
732,"[192, 73]"
733,"[79, 96, 192, 195, 73, 24, 134, 73, 192, 662, 824]"
734,"[185, 292, 73, 735]"
735,"[195, 192, 73, 695, 24, 213, 192, 247, 88, 192, 121, 192, 445]"
744,"[18, 18, 8695, 33]"
747,[14]
748,"[21, 13, 13, 14, 18, 14, 18]"
750,"[735, 1552]"
751,"[87, 59]"
753,"[11469, 47, 18]"
754,"[1220, 2]"
755,"[87, 87]"
756,[47]
757,"[18, 49, 18, 18, 39, 7966, 187]"
759,[79]
763,"[14, 8392, 826]"
766,[18]
767,[33]
768,[180]
769,"[2661, 442]"
770,[180]
772,[47]
774,[2885]
777,"[187, 18]"
778,[47]
779,"[9615, 378, 376]"
780,"[44, 14]"
785,"[61, 5, 1, 1, 5]"
786,"[348, 24, 352]"
787,"[308, 39, 130, 346]"
788,"[355, 349]"
789,"[39, 25]"
790,"[24, 206]"
791,[165]
792,"[734, 308, 346]"
794,"[348, 351]"
795,"[1727, 356, 368]"
796,[346]
797,"[130, 4620, 5244, 349]"
798,"[4412, 346]"
800,"[39, 234, 358]"
801,"[127, 347, 442, 361]"
802,"[2395, 349]"
803,[127]
805,"[2429, 376]"
806,"[385, 385]"
807,[82]
808,"[2217, 79, 78, 185]"
809,"[5, 5]"
810,[73]
811,"[739, 385]"
812,"[601, 5]"
813,[376]
814,"[376, 376]"
815,"[376, 194, 194]"
816,"[169, 180, 376, 194, 194, 180, 178, 376, 194, 180, 306]"
818,[177]
820,"[386, 385]"
821,"[1905, 5]"
823,[194]
824,"[3700, 1372, 1373]"
825,[378]
826,"[376, 376, 5]"
827,[194]
828,[378]
829,[1539]
830,[180]
831,[376]
832,[360]
835,[385]
837,"[385, 1372]"
839,"[376, 376]"
840,[73]
841,"[792, 617, 91, 386, 91, 3849, 615]"
842,"[5, 378]"
843,"[91, 386, 619, 3124]"
845,"[1006, 1006]"
846,[376]
850,"[376, 376]"
851,"[2805, 508, 195]"
852,"[25, 79]"
854,"[1424, 386, 1, 10559, 73, 3890, 8755, 170, 170]"
855,"[78, 170, 79]"
856,"[2, 170, 737, 170, 79]"
857,"[181, 192, 25, 735, 10589, 191, 1097, 25, 10600, 181, 1071, 181, 181]"
858,"[79, 81, 79, 79, 130, 26, 79]"
859,"[73, 73, 275]"
860,"[2726, 170, 78]"
861,"[275, 275, 275]"
863,"[33, 88, 192, 79, 364, 192, 73, 73, 695]"
864,"[25, 6]"
866,[6763]
867,"[184, 6102, 73, 56, 1478, 79]"
868,"[75, 2244, 3244, 73, 1754, 75, 1076, 73, 73, 503, 247]"
871,"[275, 275]"
874,"[8520, 73]"
875,"[74, 275]"
876,[61]
877,"[74, 960, 969, 835, 25, 30, 16, 16]"
878,"[74, 74]"
880,"[19, 17, 86]"
881,[1]
885,[625]
886,"[611, 199]"
887,"[24, 1911]"
888,[195]
889,"[24, 24, 511, 16, 6049, 242]"
891,"[130, 193, 176]"
892,"[216, 4238]"
894,"[39, 18]"
896,[84]
898,"[346, 81, 84]"
899,[11089]
900,"[73, 1097]"
901,[296]
902,[73]
903,"[24, 7894, 195, 83, 83, 625, 824, 829, 49, 4613, 625, 83]"
906,"[8516, 2098, 39, 213, 346]"
907,"[3184, 8032, 304, 18, 481, 730, 167]"
908,"[285, 7898, 231, 1869]"
910,"[535, 184]"
911,[199]
912,"[10740, 213]"
913,"[3174, 167, 134, 7937, 304, 640, 102, 167, 130, 1771, 352]"
914,[210]
915,"[130, 642, 167]"
917,"[615, 6316, 386, 415, 7005, 2276, 1, 1, 415, 415, 2605, 415, 2139, 1797, 191, 386, 352, 9793]"
918,"[72, 10232, 617, 1, 2140, 352, 797, 1722, 1030]"
920,"[73, 76, 386, 76, 76]"
923,"[385, 385, 91, 385]"
924,"[386, 615, 76, 2115]"
927,"[406, 386]"
928,"[1, 386, 964]"
930,"[9908, 7006, 3700, 615, 89]"
932,"[108, 5315, 5315]"
936,[9793]
937,[615]
939,"[1354, 127]"
942,"[615, 615, 615]"
944,"[386, 76, 76]"
945,"[7000, 73]"
946,[615]
947,"[617, 386]"
949,"[615, 743]"
951,"[12056, 73, 1237, 25, 3364, 5260, 8309]"
952,"[386, 386, 848]"
953,"[1, 385]"
954,"[617, 1097]"
955,"[89, 1, 7]"
956,"[386, 12060, 72]"
957,"[615, 89]"
959,"[799, 192, 11797, 352, 192, 735, 24, 387, 72, 73, 24, 192, 73, 3171, 73]"
961,"[24, 78, 4847, 130]"
962,"[13, 12029, 79, 84, 13]"
964,"[4505, 387, 33, 387]"
965,"[73, 824]"
966,"[2726, 79, 641, 762, 78, 2345, 78]"
967,"[1097, 79]"
968,[18]
969,"[81, 3284, 79, 1136]"
971,"[1975, 79]"
972,"[345, 210, 831, 24, 345, 309, 508, 24]"
973,[6618]
977,[73]
978,"[79, 177, 1, 1354, 79, 78]"
979,"[78, 79, 73, 78, 1354]"
980,"[2349, 309]"
981,"[6812, 187, 13, 134, 292]"
982,"[170, 72, 73, 72, 181, 352, 73, 72, 127, 78, 72]"
985,"[16, 130, 12209]"
986,"[306, 1355]"
987,[216]
989,"[130, 127]"
990,"[192, 192]"
991,"[18, 18, 2726, 79]"
993,"[8578, 8581, 695, 850, 17, 33]"
994,"[527, 25, 907, 25, 505]"
995,[16]
996,[195]
997,"[18, 933, 17, 25, 18]"
998,"[25, 74, 18, 16, 74]"
999,"[511, 79]"
1000,"[18, 8594, 2985, 25]"
1001,"[25, 509, 18, 127, 25, 1357, 25, 8017, 515, 74, 25, 18]"
1002,"[24, 73, 4927]"
1003,[25]
1005,[121]
1006,[25]
1007,"[90, 564, 13]"
1009,"[18, 90]"
1012,[191]
1013,"[18, 963, 957, 181, 18, 24, 195, 16]"
1014,"[74, 25, 25, 11847, 25]"
1015,"[16, 2200, 25, 184]"
1016,[39]
1017,"[16, 18, 5317, 24]"
1018,"[1353, 121]"
1019,"[74, 18, 18, 505, 74]"
1021,"[39, 39, 1357, 90]"
1026,[130]
1028,[187]
1031,"[42, 25]"
1032,"[167, 167]"
1034,"[213, 18, 73, 79]"
1037,[167]
1038,[109]
1041,"[7104, 206, 178, 432, 180, 178]"
1042,[625]
1043,"[1753, 169, 81, 169, 169, 206]"
1044,"[177, 352, 1, 73, 73, 386, 386, 177, 386]"
1045,"[73, 1378, 10472, 3507]"
1046,"[169, 127]"
1047,"[285, 389]"
1048,"[81, 84, 389, 81, 73]"
1051,"[228, 195]"
1052,[39]
1055,[196]
1059,[184]
1061,"[4101, 352, 79, 79, 10100]"
1062,"[13, 81, 11933, 199, 18, 396, 39, 199, 74, 74]"
1066,"[16, 600]"
1067,"[74, 513]"
1068,[516]
1070,[210]
1072,"[10692, 74]"
1073,"[30, 18, 28, 792, 18, 74]"
1075,"[1754, 121, 514, 18, 14, 18]"
1076,"[24, 519]"
1079,"[206, 4915, 73, 275, 16, 887, 72, 447]"
1081,"[24, 1981, 1974, 228, 1967, 202, 49]"
1083,"[6369, 181, 275, 195, 1045, 2191, 130, 2139]"
1084,"[17, 74]"
1089,"[352, 730, 79]"
1090,"[24, 81, 81, 389, 73, 73, 3831, 16, 10437, 73, 73, 73, 24]"
1091,[182]
1096,[176]
1097,"[134, 121, 1159, 134, 234]"
1098,"[14, 18, 21, 49, 391, 799, 33, 130, 21, 79, 33, 545, 130, 825, 73, 18, 81, 18, 33, 3673, 1945]"
1099,"[39, 570, 18, 102, 567, 570]"
1102,[61]
1103,"[79, 210, 127]"
1104,"[1, 61, 61, 1, 6, 61, 18, 6]"
1105,"[169, 79, 78]"
1106,"[296, 203, 187]"
1107,"[73, 389, 84]"
1109,"[87, 191]"
1110,"[192, 4043, 73, 25, 387, 192, 424]"
1112,"[512, 56, 191]"
1114,"[232, 208, 130]"
1116,"[79, 78, 9171, 73, 2726, 7582]"
1118,"[79, 79, 76]"
1119,"[7191, 3674, 216, 73]"
1121,"[234, 1556, 527]"
1122,"[895, 6797, 73, 545, 109, 73]"
1123,"[191, 545, 30]"
1124,[191]
1128,[387]
1130,"[4351, 191, 6648, 545]"
1131,"[352, 796, 387, 387, 76, 387, 33, 387, 387, 6998]"
1132,"[73, 424]"
1134,[4]
1141,[529]
1143,[82]
1145,"[1, 72, 2, 8052, 127]"
1146,[184]
1148,[541]
1150,"[46, 79, 735, 8518]"
1151,"[195, 73, 79, 16, 16, 84, 195, 84, 8061, 84]"
1154,"[79, 206, 73]"
1155,"[84, 18, 195]"
1156,[39]
1159,[24]
1160,[4920]
1167,[2239]
1171,[33]
1172,[191]
1175,[545]
1176,[9550]
1178,[3261]
1179,"[73, 8967, 182, 73]"
1180,"[178, 380, 176, 180]"
1181,"[178, 194]"
1183,"[1249, 169]"
1185,"[194, 508, 180, 178, 194]"
1186,"[182, 73, 127, 181]"
1188,[178]
1189,"[364, 730, 306]"
1191,"[855, 18]"
1193,[2056]
1195,"[180, 176]"
1196,"[378, 741]"
1197,"[8061, 178, 181]"
1198,"[206, 109, 39]"
1200,"[180, 178]"
1201,"[79, 1753, 81]"
1203,"[86, 86, 187]"
1206,"[181, 352]"
1216,[619]
1218,[18]
1219,[9641]
1220,[695]
1225,[251]
1226,[18]
1227,[268]
1230,"[85, 85]"
1231,[130]
1232,[39]
1237,[6980]
1238,[12044]
1239,"[210, 213, 352, 81, 181, 79, 662, 352, 81, 249, 78]"
1241,"[432, 73]"
1242,"[2606, 8502, 24, 780, 9763, 8235, 234, 6803]"
1243,"[187, 195, 39, 24, 389, 127, 12290]"
1244,"[1355, 185, 4928, 73, 4921, 695, 39, 695]"
1246,"[24, 176, 79, 84, 73, 1654, 24, 78, 1649, 109, 176, 176, 98, 176, 79, 78, 81, 73, 181]"
1247,"[1754, 78, 109]"
1249,"[72, 25, 72, 73, 73, 1032, 352, 8594, 192, 192, 73, 25, 25, 1911]"
1250,[587]
1253,[61]
1254,[3706]
1256,"[86, 86]"
1257,[91]
1259,[414]
1260,[4]
1261,"[91, 1360, 91, 25, 91]"
1263,[7]
1264,"[5, 5]"
1269,[588]
1270,"[18, 86]"
1274,[91]
1276,"[713, 4117]"
1277,[61]
1281,[742]
1285,[564]
1286,[742]
1292,[61]
1293,[86]
1294,[565]
1295,[61]
1296,"[600, 74]"
1297,"[600, 601]"
1300,"[575, 18, 179]"
1301,[86]
1303,"[61, 86]"
1304,[600]
1305,[39]
1306,[327]
1308,[327]
1312,[604]
1313,[30]
1314,"[565, 9]"
1320,[74]
1321,[600]
1328,[364]
1332,"[74, 86]"
1333,[600]
1335,[18]
1336,[600]
1337,[617]
1339,"[828, 1, 828, 10233, 3701, 4008]"
1340,[615]
1343,"[387, 8574]"
1344,"[91, 91]"
1345,[91]
1346,[25]
1347,"[1, 615]"
1348,[615]
1349,"[1, 89, 615]"
1350,[386]
1351,"[72, 72]"
1357,[755]
1358,"[617, 72]"
1360,"[617, 386, 850, 73, 386, 617, 386, 1]"
1364,[386]
1366,"[386, 147, 848]"
1369,"[192, 72, 73, 1030, 386, 10836]"
1370,[386]
1371,[415]
1372,"[192, 430, 73, 72, 10231, 72, 72]"
1374,[615]
1375,"[824, 127, 78]"
1376,"[84, 275, 81, 79, 719, 5009, 78, 79]"
1377,"[109, 79, 195, 12073, 79, 842]"
1378,"[78, 4517, 835]"
1379,"[195, 18, 5286, 195]"
1381,[2463]
1383,"[213, 127, 79]"
1384,"[9821, 81, 81, 352, 389, 81, 79, 839]"
1385,"[393, 195]"
1388,"[10749, 185, 839]"
1389,"[7920, 81, 127]"
1390,"[292, 81, 210, 84, 79]"
1394,"[21, 9674, 90, 39, 570, 494]"
1395,[105]
1396,"[34, 18]"
1397,"[39, 624]"
1398,"[570, 18, 18, 18, 309]"
1399,"[105, 39, 105]"
1400,"[18, 210, 24, 296, 18, 1495]"
1401,"[105, 2272, 9471, 2272, 18, 18, 2272, 4863]"
1402,"[102, 3550, 1423, 3540]"
1403,[18]
1405,"[39, 309]"
1406,"[352, 79, 182, 182]"
1407,[39]
1409,"[210, 195, 18]"
1410,"[18, 187]"
1411,"[387, 192]"
1412,"[72, 73, 192, 311, 192, 185, 3612, 72, 445, 72, 73, 73, 3606, 735]"
1413,"[527, 3800]"
1414,"[1355, 195, 695, 73, 292, 5322, 195]"
1415,"[3600, 247, 192, 192, 192, 4955, 292, 192, 1228]"
1416,"[73, 2575, 195, 797]"
1418,"[87, 195, 10537, 98]"
1423,[33]
1424,"[16, 836, 9945, 81, 825, 292]"
1425,"[192, 2520, 830, 8006]"
1426,"[247, 192]"
1427,"[11739, 625]"
1428,[238]
1429,[5621]
1430,"[509, 306]"
1440,[12294]
1443,[308]
1444,"[304, 213, 24]"
1447,[24]
1449,[8302]
1450,"[167, 130, 3212]"
1451,[24]
1452,"[102, 511]"
1453,"[766, 24]"
1455,"[103, 102]"
1456,[354]
1458,"[662, 24, 346, 8440]"
1459,"[839, 1489, 2231]"
1460,"[352, 24, 1040]"
1461,[8386]
1462,[193]
1463,"[230, 134, 185, 24, 185]"
1464,"[24, 24, 203, 1550, 519, 25, 25, 687, 695]"
1465,"[850, 2575]"
1467,[238]
1468,"[7002, 8728, 25, 73]"
1469,"[4934, 130, 4920]"
1470,"[5286, 9826, 78, 24, 8303]"
1475,"[308, 319, 1041]"
1485,[199]
1486,"[1086, 79, 18, 18, 238, 39, 39]"
1489,"[193, 839, 1098, 2726]"
1491,"[8505, 545, 545, 545]"
1502,"[719, 354, 81, 961]"
1504,"[275, 275, 2204, 33, 130, 79, 1106, 1106]"
1505,"[346, 24, 24, 213, 24, 4140, 8300, 130, 130]"
1508,[296]
1510,"[78, 78, 1136, 1290, 127]"
1512,"[78, 285]"
1513,"[182, 181, 181, 181, 181]"
1514,[73]
1515,"[7083, 10504, 81, 81]"
1516,[9827]
1517,"[195, 285, 84]"
1518,"[185, 84, 81]"
1519,[730]
1520,"[5327, 181, 4952, 73, 127, 109, 601, 84, 109]"
1521,[2924]
1522,[91]
1523,[91]
1524,"[2927, 2908, 2894, 2920, 2929, 308, 2901, 2903, 91]"
1526,[617]
1527,"[73, 5409, 10559, 617, 742]"
1528,[1278]
1531,"[195, 91, 415]"
1534,"[179, 25, 275, 12208, 190, 127, 190, 527]"
1537,[304]
1538,[378]
1539,"[741, 330]"
1541,"[1252, 414]"
1547,[194]
1549,[378]
1550,"[545, 5, 1252]"
1551,"[194, 376]"
1552,"[376, 376]"
1553,[11653]
1555,"[5, 378]"
1556,"[130, 83, 83, 130, 829]"
1557,"[741, 378, 378]"
1563,"[741, 5]"
1571,"[345, 39, 24]"
1572,"[9728, 130]"
1576,"[306, 5217]"
1580,"[130, 24, 11734]"
1583,"[345, 10021]"
1585,[306]
1592,[102]
1596,"[11904, 167]"
1597,[730]
1601,"[167, 625, 24, 24]"
1604,"[167, 346]"
1609,"[13, 79, 4886, 24, 393, 33]"
1610,"[2785, 3539]"
1611,[102]
1613,"[8397, 3538, 3184, 103, 719]"
1614,[5684]
1631,[755]
1632,"[81, 6420, 662]"
1633,"[757, 292, 292]"
1636,[550]
1639,"[508, 75, 247, 7995, 306]"
1640,"[1911, 3544]"
1641,[3188]
1643,"[83, 10585, 1039]"
1645,"[181, 182, 181]"
1650,"[181, 73]"
1652,[5148]
1656,[9826]
1660,[73]
1670,[178]
1672,"[72, 2847, 1, 1, 72, 762]"
1673,[9913]
1674,"[39, 39, 79]"
1679,[232]
1680,[1249]
1684,"[8002, 216]"
1686,"[4926, 1955]"
1689,[762]
1692,"[8306, 9482, 349]"
1694,"[130, 130]"
1696,[405]
1700,"[213, 184, 187, 191, 191, 545]"
1701,"[232, 33, 73]"
1703,[213]
1704,[575]
1705,[184]
1707,[79]
1708,"[3651, 5778, 3586, 5778]"
1709,"[3479, 7589]"
1710,[386]
1711,[61]
1713,"[79, 3589, 18, 850, 6022]"
1714,[6]
1715,[14]
1718,"[83, 73]"
1726,[134]
1727,[425]
1729,"[191, 184]"
1730,"[134, 84]"
1731,[14]
1732,"[757, 130]"
1736,[191]
1737,[87]
1738,"[4013, 4915]"
1740,[213]
1743,"[526, 191]"
1745,"[47, 18, 33, 33, 18, 364]"
1746,[9243]
1747,"[14, 12382]"
1752,[18]
1755,"[693, 693]"
1756,[292]
1758,[693]
1760,"[231, 73]"
1763,[406]
1764,"[693, 823, 247, 823]"
1767,[130]
1770,[545]
1771,"[127, 209]"
1772,"[285, 130, 526, 13]"
1775,"[73, 693]"
1781,"[187, 33]"
1784,[840]
1786,[79]
1787,"[79, 21, 21, 21]"
1790,"[306, 7412, 21]"
1793,[30]
1794,"[4938, 7657]"
1795,"[192, 24, 185, 83, 25]"
1798,"[24, 10394]"
1799,[79]
1801,[20]
1803,"[72, 1286, 1, 12056, 226, 7621, 72, 72]"
1806,[410]
1807,"[78, 130]"
1809,"[1030, 1286]"
1810,"[1097, 72]"
1811,"[123, 394]"
1812,"[73, 1358]"
1813,"[73, 72, 1210]"
1814,"[73, 195, 181, 181]"
1817,[78]
1819,[625]
1820,"[6623, 735]"
1821,"[858, 874]"
1824,"[13, 21, 21, 3588]"
1825,[85]
1826,[167]
1827,"[18, 7802]"
1828,[2700]
1830,[254]
1832,"[24, 10139, 203]"
1833,[625]
1834,"[625, 203, 25]"
1835,"[187, 557, 20]"
1837,[134]
1839,[304]
1841,"[5682, 3182]"
1842,[90]
1843,[12209]
1844,[867]
1846,[8523]
1847,[167]
1848,[1627]
1854,"[1358, 73]"
1855,[183]
1857,"[541, 1219, 8414]"
1858,"[79, 6976, 73]"
1859,[1252]
1861,[378]
1863,"[198, 176]"
1866,[78]
1867,"[3810, 183, 1252]"
1868,"[186, 178]"
1870,[1]
1873,"[3524, 410, 170, 72, 170, 170]"
1874,"[73, 73, 210]"
1875,[84]
1876,[176]
1878,"[16, 9471, 73]"
1879,"[933, 4922, 897]"
1880,[928]
1881,[892]
1882,[395]
1883,"[889, 16, 25, 73, 192]"
1884,[73]
1885,"[2712, 1446, 16]"
1886,"[892, 1950, 25]"
1887,"[887, 916]"
1889,"[10772, 8588, 1097, 4711, 16, 8606]"
1890,[79]
1891,"[889, 74, 352, 3422]"
1892,"[25, 24, 8610, 39, 16, 74]"
1893,[199]
1894,[897]
1895,"[17, 25, 889, 74, 17]"
1896,"[11934, 275, 895]"
1897,"[10096, 4865, 6873]"
1898,"[891, 18, 16]"
1899,"[275, 25, 889]"
1901,[2142]
1902,"[18, 934, 17]"
1905,"[73, 73, 73]"
1906,"[140, 164]"
1910,"[1219, 139]"
1919,"[140, 139, 24, 139, 354]"
1921,[4946]
1923,[141]
1929,[139]
1931,[7]
1934,"[81, 83, 526]"
1935,[3181]
1936,"[640, 231]"
1941,"[5300, 513, 5294, 85, 24]"
1942,[39]
1943,"[5042, 309, 102, 1835, 15]"
1944,[81]
1945,[33]
1946,"[5328, 83]"
1947,"[935, 5452, 81]"
1949,"[84, 134]"
1950,[11474]
1952,"[352, 12101]"
1957,"[1812, 935, 364]"
1958,"[88, 78, 81, 84, 79, 81, 127]"
1959,[3315]
1965,[18]
1969,[309]
1970,[33]
1971,"[130, 134, 13, 825]"
1974,"[72, 73, 73, 78, 79]"
1975,"[2266, 102]"
1976,[445]
1977,"[1753, 79, 84]"
1979,"[102, 102]"
1980,[292]
1983,"[1911, 130, 33]"
1985,"[78, 73, 170]"
1986,[127]
1988,"[73, 9820]"
1990,"[309, 1946]"
1991,[8864]
1994,[59]
1996,[7286]
1997,[386]
1998,[76]
1999,[943]
2001,[547]
2002,[7292]
2006,[76]
2011,[940]
2014,[1]
2018,"[130, 39, 357]"
2019,[12276]
2020,"[130, 216, 208]"
2021,[1613]
2022,"[389, 208]"
2023,"[8499, 39]"
2027,"[25, 25, 16, 25, 195, 25, 25]"
2029,"[265, 850]"
2031,"[24, 24, 192, 735]"
2033,[279]
2034,[181]
2037,[9435]
2038,[972]
2039,[30]
2043,"[964, 966]"
2044,"[195, 986, 39, 9935, 24]"
2046,[608]
2047,"[527, 608, 978, 1931, 545]"
2048,[12208]
2053,[8304]
2059,[3022]
2060,[23]
2062,[376]
2068,[191]
2075,"[179, 1097, 14, 13]"
2080,"[823, 176, 109, 508, 11101]"
2081,[18]
2082,"[432, 79]"
2083,"[1426, 130, 81, 127, 195, 18, 130]"
2086,"[24, 12035, 49, 7153]"
2091,"[9417, 996]"
2092,"[164, 39]"
2094,"[346, 670]"
2097,"[706, 167]"
2102,"[4679, 7145, 130, 218, 541]"
2106,[996]
2115,[229]
2116,"[184, 130]"
2121,"[84, 84, 81, 18, 78, 84]"
2124,"[321, 321]"
2127,[247]
2128,[81]
2130,"[78, 78, 2444, 6134, 73]"
2133,[84]
2136,"[3048, 824]"
2137,"[296, 18, 306, 73]"
2138,[79]
2139,"[296, 662, 935]"
2143,"[617, 376]"
2144,[8496]
2145,[187]
2149,[15]
2151,"[5, 191]"
2154,"[1843, 127]"
2158,[47]
2161,[14]
2165,[1264]
2166,[2211]
2167,[185]
2175,"[625, 4260]"
2176,[545]
2179,"[197, 102, 216, 6767, 304, 304, 304]"
2183,"[73, 201, 130, 9262, 72]"
2184,[1627]
2186,"[2422, 378, 2419, 376]"
2189,[376]
2192,[376]
2196,[194]
2198,[378]
2204,[376]
2205,[33]
2206,[78]
2210,"[1079, 185]"
2211,[91]
2214,"[178, 180, 376, 376, 178, 186]"
2220,"[234, 625, 640, 238, 102, 122, 625]"
2222,"[1911, 11060]"
2226,"[127, 197, 102, 3539, 3537]"
2236,[3539]
2242,[102]
2247,"[103, 238]"
2251,[11244]
2252,"[197, 3534]"
2254,[11059]
2263,[130]
2264,[185]
2265,"[735, 247, 73, 8032, 192, 247]"
2269,"[8498, 935]"
2270,"[191, 5845]"
2271,"[2142, 11936, 73]"
2273,[33]
2277,"[292, 79, 134, 611, 24, 81]"
2279,[296]
2280,[8462]
2281,"[2143, 33]"
2292,[83]
2301,[1296]
2303,[299]
2305,[1035]
2313,[299]
2316,[12638]
2317,[3577]
2320,[1069]
2328,[1024]
2330,"[5220, 3653]"
2331,[4792]
2334,[1046]
2339,[3577]
2343,"[72, 72, 1727, 72, 25, 72, 481, 72]"
2344,[4547]
2346,"[73, 1097, 79, 192, 11738, 134, 192, 73]"
2347,"[72, 25, 192, 73, 386, 192, 72, 386, 73, 234]"
2348,[72]
2351,[72]
2352,"[170, 78]"
2360,"[210, 2548]"
2361,"[73, 3171, 848]"
2362,[2244]
2363,[80]
2364,[601]
2369,[82]
2370,"[5, 9640]"
2372,[2140]
2375,"[216, 33]"
2376,[4721]
2379,"[386, 91]"
2380,"[1, 72]"
2383,"[1843, 738]"
2387,[4834]
2390,"[79, 955]"
2391,"[79, 1080, 734]"
2393,[102]
2398,[4289]
2402,[87]
2405,[10159]
2407,"[81, 526]"
2408,[81]
2415,[2142]
2418,[227]
2419,"[130, 829]"
2420,[81]
2422,"[6489, 98]"
2425,[9822]
2426,[176]
2427,[9821]
2428,[73]
2429,[194]
2430,"[180, 178]"
2432,[61]
2433,[9474]
2435,"[130, 109]"
2436,"[98, 1096]"
2437,[193]
2439,[73]
2440,[308]
2442,[2118]
2443,[98]
2444,[192]
2445,[193]
2446,[184]
2453,[1100]
2454,"[3572, 352]"
2455,"[193, 4430]"
2456,"[1387, 306]"
2457,[1352]
2458,[216]
2459,[3863]
2462,[308]
2463,"[216, 387, 527]"
2467,"[4430, 184, 9981]"
2468,[6646]
2469,"[8588, 24, 8578, 8574, 2196, 192]"
2470,[959]
2471,"[61, 61]"
2473,[1]
2478,"[285, 184, 1302]"
2480,[74]
2481,[275]
2482,[67]
2484,[2143]
2487,[79]
2493,[73]
2495,[275]
2497,[1113]
2498,"[39, 1735, 570]"
2500,"[567, 570]"
2515,"[309, 2356]"
2518,[130]
2521,"[1882, 39, 39, 713, 601]"
2523,"[4927, 9558, 228, 24, 8014]"
2524,[46]
2525,[216]
2526,[81]
2531,"[127, 7797, 25, 25, 79, 6804, 127, 275, 24, 839, 81]"
2532,[88]
2533,[24]
2534,[296]
2535,"[839, 7179, 839, 73, 79]"
2538,"[481, 84, 296]"
2541,[130]
2542,"[6629, 391]"
2544,"[130, 49, 7899, 24, 206, 24]"
2546,"[292, 1880]"
2548,"[847, 130, 167, 24]"
2549,[8840]
2552,"[24, 16]"
2554,"[201, 73, 896, 1354]"
2558,"[72, 192, 216, 33]"
2562,"[3496, 1447]"
2567,"[25, 306, 1352, 16]"
2569,"[72, 192, 839, 79]"
2571,"[130, 24, 16, 9262, 505]"
2572,[79]
2574,"[33, 424]"
2575,[391]
2576,[76]
2577,[1194]
2579,[1]
2582,"[1194, 18, 84]"
2591,[73]
2594,[76]
2597,[73]
2600,"[296, 81]"
2601,[81]
2602,"[229, 18, 781]"
2605,"[15, 83, 2525, 1834, 15]"
2606,"[1023, 5094, 389, 3527, 961]"
2607,[839]
2608,"[292, 185]"
2609,"[24, 24, 311]"
2614,"[73, 195, 81, 79, 84, 78, 84, 84, 10806]"
2616,"[13, 21]"
2618,[178]
2619,"[180, 180]"
2621,[178]
2623,"[141, 139]"
2624,[73]
2627,"[481, 8508, 134]"
2628,"[134, 210]"
2629,"[16, 1048, 181, 134]"
2630,"[292, 134]"
2632,"[81, 79, 238, 11914, 3862, 127]"
2633,[850]
2637,"[311, 181, 181]"
2638,"[130, 130]"
2639,"[79, 526, 7898]"
2640,"[1387, 49, 4882]"
2641,[1223]
2648,[511]
2651,[1]
2653,[1249]
2654,[742]
2661,"[78, 213, 79]"
2662,[24]
2664,"[386, 7]"
2667,"[570, 33]"
2668,"[33, 626, 626, 432]"
2670,[187]
2671,"[18, 33]"
2672,"[46, 33, 10489, 21]"
2673,"[3097, 47, 47]"
2675,[34]
2676,"[14, 4944]"
2677,[15]
2681,"[13, 13, 33]"
2691,"[14, 1447]"
2695,[14]
2696,[1269]
2698,"[102, 102]"
2708,[309]
2712,[18]
2716,[187]
2723,"[194, 194, 1539]"
2738,[227]
2742,"[72, 88, 72]"
2746,"[828, 828]"
2747,[345]
2751,[4]
2755,"[3703, 4, 1373]"
2765,[5]
2769,"[743, 743]"
2775,[84]
2780,"[72, 72]"
2783,"[73, 213, 73, 213, 79, 24, 4300, 78]"
2785,[72]
2786,"[11614, 829, 445]"
2787,"[192, 72]"
2788,"[73, 72, 81]"
2789,"[11966, 73]"
2792,"[73, 387, 4141, 735]"
2794,"[9998, 1]"
2795,[72]
2796,"[73, 72]"
2797,[72]
2798,[164]
2799,[145]
2801,[216]
2811,[66]
2812,[87]
2815,[79]
2817,[442]
2818,[309]
2821,"[781, 793]"
2823,[543]
2828,[33]
2831,[21]
2834,"[527, 192, 735]"
2835,[134]
2838,"[615, 386, 386, 386]"
2839,"[81, 130]"
2840,[9954]
2842,"[4258, 829, 25, 830]"
2843,[1]
2845,[821]
2847,"[1886, 178]"
2850,"[747, 194]"
2851,[61]
2853,[192]
2854,[192]
2855,"[72, 73, 73]"
2856,[839]
2857,"[292, 192]"
2858,[1387]
2861,"[422, 527, 73]"
2862,[1334]
2864,[829]
2865,[4258]
2873,[6833]
2893,"[2200, 735, 2192]"
2894,"[829, 830, 4263]"
2895,[829]
2898,[72]
2899,"[192, 354]"
2902,[9663]
2904,[2349]
2905,"[103, 49, 701]"
2906,[3549]
2909,[3534]
2910,[2785]
2911,"[123, 2246]"
2913,"[3557, 370, 3542]"
2914,[2246]
2915,[11691]
2919,[1097]
2921,"[2640, 304, 640]"
2922,"[3188, 689]"
2923,"[102, 3552]"
2927,[3552]
2929,[10122]
2931,"[102, 102, 3535]"
2933,[824]
2934,[130]
2936,[24]
2937,"[16, 4861]"
2938,"[25, 364]"
2939,[1]
2940,[2345]
2941,[79]
2944,[6]
2948,[376]
2954,[130]
2956,"[78, 2974]"
2961,"[6, 1, 1]"
2964,[1905]
2966,[3700]
2970,"[385, 5]"
2971,"[76, 1842]"
2972,[387]
2973,[848]
2975,[615]
2977,"[306, 12292, 24, 73]"
2978,[73]
2979,[1348]
2983,"[432, 79, 73]"
2984,[1474]
2986,[79]
2990,[130]
2999,[251]
3004,"[83, 6576]"
3005,[83]
3008,[83]
3011,"[181, 80, 735, 803, 73]"
3012,[526]
3019,"[83, 83]"
3024,[6825]
3026,[73]
3027,[194]
3028,[2211]
3029,"[194, 376]"
3032,"[2217, 181]"
3033,[185]
3040,"[178, 33]"
3043,[2217]
3047,[275]
3050,[194]
3057,"[526, 526, 81, 814, 662, 33, 134, 33, 130, 526, 134, 9564, 81]"
3063,"[308, 1026]"
3067,"[25, 25]"
3068,"[130, 81, 210]"
3070,"[557, 557, 192, 735, 1352]"
3071,[134]
3074,[127]
3075,[24]
3078,[78]
3079,[24]
3080,[167]
3081,"[213, 5304]"
3082,[8061]
3084,"[78, 72]"
3093,[386]
3096,[1286]
3097,"[78, 2115, 81, 79]"
3103,"[233, 184]"
3106,[78]
3109,"[39, 79, 187]"
3110,"[81, 526, 296, 81, 3895, 134]"
3112,[134]
3116,[7256]
3117,"[216, 134, 8521]"
3119,[24]
3126,[195]
3129,"[130, 170, 79]"
3131,[69]
3132,"[2385, 15]"
3133,"[311, 69]"
3141,[11523]
3145,"[311, 69]"
3147,"[7865, 69]"
3149,[3925]
3156,"[130, 1627, 130]"
3157,[1850]
3158,[321]
3160,[252]
3164,"[21, 184, 21, 18, 4774, 187]"
3169,[1833]
3171,"[195, 625, 625, 625, 195]"
3173,"[839, 1493]"
3176,"[432, 109]"
3178,[200]
3184,"[86, 581, 12525, 179]"
3186,"[24, 396]"
3188,[86]
3189,[612]
3193,"[42, 199, 9826, 79]"
3194,[24]
3198,"[309, 12021]"
3199,[5819]
3200,"[81, 238, 1238, 81, 432, 187, 432, 823, 81]"
3201,"[130, 25, 1100, 4915]"
3204,"[127, 4052]"
3205,"[81, 127, 130]"
3213,[3658]
3221,[5]
3227,"[3552, 3541]"
3230,"[247, 247, 73]"
3231,[2349]
3236,"[130, 194]"
3239,[6133]
3243,[79]
3244,"[233, 61]"
3247,[182]
3255,[79]
3258,"[81, 79, 81, 73, 81]"
3259,"[130, 84, 130]"
3264,"[10829, 387]"
3273,[195]
3275,"[79, 352]"
3276,"[1097, 1542]"
3279,"[391, 10311, 8748, 73, 184]"
3280,"[391, 27, 393, 393]"
3281,"[275, 16, 628]"
3282,[1198]
3285,[2887]
3287,[130]
3289,"[1735, 187, 7801, 86]"
3290,"[391, 824]"
3291,[74]
3292,[275]
3293,[1426]
3298,[79]
3299,"[2191, 16]"
3302,[511]
3303,"[735, 167]"
3306,[192]
3308,"[24, 387]"
3311,[24]
3313,"[625, 228]"
3314,[167]
3316,"[102, 7462, 641, 1671, 311]"
3317,"[102, 5385, 9861, 6877]"
3321,[193]
3327,[9764]
3330,[11255]
3333,"[130, 226, 181, 181]"
3339,[18]
3348,[67]
3357,[527]
3359,[1859]
3362,[1208]
3366,[16]
3367,[176]
3371,"[81, 81]"
3373,"[81, 79, 182, 79, 78, 354, 1249, 499, 182]"
3376,[432]
3377,[6642]
3379,[7573]
3382,[823]
3385,"[625, 432]"
3386,"[134, 292, 693]"
3391,[134]
3393,[73]
3397,"[285, 130]"
3398,"[1643, 1886, 169]"
3399,[81]
3400,[8304]
3405,"[14, 56]"
3406,[1680]
3407,"[6648, 78]"
3411,"[18, 393, 18, 187, 839, 74]"
3413,"[90, 39, 187, 18, 187]"
3416,[7]
3417,[1372]
3426,"[1074, 4922, 735, 88, 1552, 24, 735]"
3427,"[73, 1227, 78, 78, 185]"
3428,[194]
3430,[97]
3431,[1478]
3436,"[511, 181, 73]"
3437,[5939]
3438,[1721]
3439,[181]
3440,[79]
3441,"[513, 16, 18, 275, 447, 74]"
3444,[6803]
3445,[386]
3447,[1104]
3448,[25]
3450,[79]
3455,[260]
3458,"[8236, 735]"
3460,"[130, 130]"
3461,"[84, 5010]"
3462,[73]
3464,[184]
3466,"[130, 824, 850, 8573]"
3468,[24]
3469,"[389, 389, 352]"
3470,"[386, 192, 72, 73, 6900]"
3471,"[73, 80]"
3473,"[1026, 72]"
3475,"[3832, 81, 306, 249, 229, 79]"
3476,"[386, 386, 386]"
3481,"[73, 387, 735]"
3482,[1354]
3488,"[299, 526, 625]"
3490,"[238, 24]"
3497,"[234, 1671, 346]"
3501,"[8015, 321, 4343, 2784]"
3502,"[238, 18, 130, 39]"
3503,"[364, 238]"
3504,"[34, 15]"
3505,"[6577, 33, 83, 33]"
3511,[88]
3515,[574]
3519,[47]
3520,[14]
3531,[2608]
3536,"[187, 500]"
3540,[195]
3543,[1740]
3545,[1365]
3548,"[33, 741]"
3551,[61]
3552,[781]
3553,[1742]
3554,[2660]
3556,[73]
3557,[24]
3558,"[179, 73, 73]"
3562,[3244]
3563,[78]
3568,[10298]
3572,"[306, 4720]"
3575,[39]
3576,"[1023, 127, 1032]"
3577,[6276]
3583,[1098]
3584,[6304]
3588,[1348]
3589,"[193, 6304]"
3598,[210]
3601,[193]
3603,[1767]
3614,"[387, 81]"
3615,[11878]
3616,"[73, 81, 84, 73, 4289]"
3617,"[185, 306]"
3620,"[4854, 6830]"
3635,"[1368, 184]"
3660,"[1372, 1372]"
3666,[78]
3673,"[18, 370, 33]"
3675,[3496]
3685,[102]
3686,[18]
3691,[88]
3695,[18]
3700,"[24, 33]"
3702,"[9436, 33, 14]"
3706,"[81, 296]"
3707,"[826, 81, 309, 79]"
3712,[102]
3716,[11487]
3718,[6820]
3719,"[91, 73, 619, 2024]"
3720,"[1, 76]"
3721,"[376, 9337, 6820]"
3728,[741]
3729,[4307]
3730,"[3368, 18]"
3731,[296]
3732,[824]
3733,[81]
3735,[73]
3739,"[78, 73, 170]"
3741,[134]
3742,[432]
3747,"[528, 757, 292, 127]"
3748,"[7900, 352, 1039]"
3749,"[127, 1041, 134, 73]"
3753,"[79, 84, 73]"
3758,[73]
3763,"[285, 11501, 109, 130, 130, 292]"
3767,"[249, 195, 84]"
3768,"[74, 907, 16, 6796, 191]"
3776,[85]
3777,"[12209, 1911]"
3778,"[247, 85]"
3779,[76]
3781,[79]
3783,[82]
3788,[743]
3789,"[265, 195]"
3791,[25]
3792,"[1893, 194]"
3796,[24]
3809,"[1362, 82, 1362]"
3817,"[191, 33]"
3820,[5]
3827,[33]
3832,[500]
3846,[247]
3858,[826]
3859,"[72, 73]"
3861,"[13, 21, 7265]"
3863,"[105, 18, 105]"
3865,[134]
3866,[306]
3867,[24]
3868,[826]
3875,"[18, 14]"
3877,[1097]
3878,"[346, 130]"
3884,"[81, 6171, 391]"
3885,[2362]
3886,[88]
3889,[1076]
3890,[393]
3900,"[9822, 728]"
3901,[7]
3902,[33]
3905,"[306, 2020]"
3911,[1949]
3915,[24]
3918,"[39, 351]"
3920,"[39, 195]"
3921,"[387, 73]"
3927,[3810]
3928,[7640]
3931,[7104]
3934,[735]
3938,[192]
3941,"[275, 2197]"
3945,[84]
3946,[72]
3947,[9745]
3948,"[18, 39, 1735, 351, 238]"
3949,"[184, 1952]"
3950,"[1972, 1368]"
3951,"[1972, 1975, 1955]"
3954,"[1975, 130]"
3958,"[1973, 39]"
3959,[1735]
3960,"[1967, 210, 346]"
3961,[124]
3962,"[346, 130]"
3963,[1357]
3965,[124]
3967,"[1965, 1735]"
3973,"[1955, 1357]"
3974,[625]
3975,[306]
3976,"[1735, 1971]"
3977,[1974]
3978,"[39, 1970, 184]"
3981,[306]
3982,[8304]
3987,[184]
3988,"[17, 494, 39, 195]"
3992,[79]
3993,"[192, 247]"
3995,[18]
3999,[1986]
4005,[1987]
4013,[4]
4024,"[105, 39, 18]"
4025,"[309, 309]"
4030,[309]
4032,[309]
4036,[2360]
4043,[1023]
4048,[292]
4049,[309]
4056,[600]
4058,"[391, 216, 885, 2393]"
4064,[4634]
4068,[4928]
4069,[84]
4073,"[134, 134]"
4074,[73]
4079,"[2064, 81]"
4083,[2609]
4085,"[391, 275]"
4087,[693]
4089,"[84, 719]"
4092,"[2244, 1812, 352, 84]"
4093,"[1006, 178]"
4100,"[376, 180]"
4108,[447]
4111,"[10587, 601]"
4113,"[1847, 21, 13, 20, 21]"
4117,"[18, 8995, 213]"
4118,"[830, 81, 73, 730, 81, 17, 47, 187, 81]"
4123,[1100]
4124,"[2244, 386, 192]"
4126,"[191, 14]"
4129,"[181, 121]"
4130,[25]
4132,[16]
4135,[130]
4147,"[27, 11859]"
4153,"[296, 25, 187, 15]"
4155,[793]
4157,[2031]
4162,[82]
4165,"[848, 848, 5534, 1286]"
4168,[180]
4170,"[3810, 7643]"
4173,"[376, 376, 1843]"
4177,"[78, 1252, 78]"
4179,"[79, 72, 73]"
4180,[25]
4182,[2087]
4183,[231]
4189,[9958]
4191,[9953]
4194,"[181, 5803, 10962]"
4199,[935]
4208,[265]
4229,[79]
4230,"[33, 87]"
4237,[176]
4242,[176]
4249,[626]
4250,[9765]
4251,"[850, 409]"
4252,[526]
4255,[169]
4258,"[134, 1238]"
4260,"[308, 308]"
4262,"[9965, 8061, 79]"
4265,"[742, 742, 5]"
4266,"[4, 4]"
4267,[4]
4271,"[4, 4]"
4272,"[343, 91]"
4273,[91]
4286,[1365]
4290,"[385, 91]"
4292,[1671]
4295,[352]
4297,"[24, 9728]"
4302,[238]
4303,"[195, 18]"
4307,[73]
4308,[18]
4311,"[304, 18]"
4316,[21]
4317,[18]
4318,[61]
4319,[5632]
4324,[24]
4326,[24]
4341,[615]
4342,"[1, 615]"
4348,"[167, 352, 519]"
4351,"[24, 625]"
4355,[192]
4361,"[7644, 7011]"
4363,[73]
4369,[292]
4371,[79]
4373,[445]
4375,"[181, 169]"
4380,[185]
4382,[1534]
4384,[4340]
4385,"[8061, 9821]"
4387,"[2197, 4533, 18]"
4393,[227]
4395,[2143]
4396,"[33, 187]"
4402,[15]
4407,[2150]
4420,[18]
4428,[1358]
4432,"[73, 73]"
4434,"[9958, 169]"
4435,"[793, 309, 719]"
4439,[9473]
4440,[2181]
4443,[391]
4444,"[81, 33, 836, 73, 826]"
4447,"[11614, 7800]"
4448,[5994]
4459,[79]
4460,"[1286, 445, 231, 6529]"
4466,[311]
4467,[6287]
4468,"[81, 2115, 2430]"
4481,"[2200, 285]"
4487,"[185, 185, 9473]"
4488,[79]
4492,[130]
4493,[513]
4494,"[187, 2336, 25]"
4495,[2805]
4497,[386]
4506,[1359]
4510,"[1359, 6]"
4521,[850]
4522,[134]
4530,[2064]
4532,[6629]
4535,[2118]
4538,[192]
4541,"[394, 8501, 2192]"
4542,[1348]
4543,[193]
4544,[735]
4545,"[130, 193]"
4548,[130]
4556,"[24, 306]"
4558,[164]
4561,"[2815, 18, 347]"
4562,"[39, 24]"
4563,"[130, 309]"
4565,"[130, 12029]"
4566,"[4469, 640, 701, 130, 234, 102, 167]"
4567,[72]
4571,[167]
4572,"[196, 1]"
4574,[850]
4575,[2850]
4582,"[643, 526]"
4585,[123]
4587,[564]
4598,"[3534, 3551]"
4600,[90]
4608,"[1373, 1372]"
4609,"[10694, 18]"
4613,[10138]
4616,"[730, 184]"
4618,[130]
4619,[9733]
4621,[9955]
4622,[389]
4623,[385]
4625,[2304]
4627,"[2297, 1104, 2310, 2300]"
4630,[81]
4631,"[2282, 2280]"
4633,[191]
4648,[33]
4649,[18]
4666,[7203]
4674,[187]
4675,"[8048, 424, 387]"
4680,[72]
4686,"[1967, 39, 144, 24]"
4690,[76]
4692,[76]
4704,"[203, 130, 1911, 16]"
4705,"[24, 352, 238, 184]"
4706,"[625, 238]"
4707,[39]
4709,[1640]
4710,"[167, 526]"
4713,[24]
4714,[11163]
4716,"[4052, 823]"
4720,"[24, 309, 18]"
4724,[9478]
4727,[18]
4728,"[18, 9429, 570]"
4732,"[18, 309]"
4733,[3188]
4734,"[18, 34]"
4735,"[199, 15]"
4737,[9475]
4742,"[127, 79, 79]"
4747,"[130, 712, 130]"
4750,[7641]
4761,[183]
4767,[130]
4768,"[206, 1735]"
4769,[39]
4772,[518]
4779,"[304, 6584, 102]"
4781,[481]
4782,[387]
4783,[7189]
4784,"[73, 191, 192]"
4787,[743]
4790,[387]
4791,[194]
4795,[2201]
4796,"[512, 85]"
4799,"[445, 108]"
4800,[11965]
4802,[73]
4803,[91]
4805,[1222]
4807,[182]
4810,"[24, 6853]"
4811,"[167, 360, 206]"
4814,"[39, 167]"
4817,"[308, 319, 130]"
4821,"[181, 181]"
4823,[194]
4828,"[73, 194]"
4837,[169]
4839,[176]
4845,[182]
4848,"[8215, 181]"
4852,[15]
4853,"[33, 1833]"
4861,[18]
4863,"[18, 33]"
4865,[5770]
4866,[167]
4871,[86]
4874,"[86, 600]"
4875,[565]
4876,[565]
4878,[996]
4880,"[393, 130]"
4883,"[352, 3179, 364]"
4896,[79]
4915,"[3779, 25]"
4917,[191]
4918,[184]
4919,[39]
4922,[541]
4927,[545]
4928,[309]
4932,[4923]
4934,[378]
4935,[745]
4937,[378]
4938,"[194, 2417]"
4944,[619]
4946,[376]
4948,[9830]
4949,[7]
4952,[1372]
4970,[4]
4971,"[385, 1]"
4974,[18]
4975,[195]
4978,[7797]
4980,"[315, 139, 541]"
4984,"[364, 7062]"
4985,[7]
4991,[120]
4993,[134]
4996,[11736]
4998,[1076]
4999,[81]
5000,"[195, 306]"
5008,[409]
5010,"[25, 1035]"
5015,[1286]
5027,"[81, 78, 18]"
5028,"[102, 102]"
5038,[1978]
5039,[102]
5041,[188]
5042,[557]
5045,[187]
5048,"[195, 195, 121]"
5052,[14]
5054,[1846]
5058,"[210, 103]"
5059,[14]
5060,"[2479, 233]"
5061,[870]
5063,[1001]
5065,"[178, 1539, 181]"
5066,[33]
5067,[180]
5069,[626]
5073,"[570, 564]"
5079,"[191, 61, 1, 79, 6]"
5082,[541]
5083,[140]
5087,[541]
5089,[2666]
5090,[130]
5092,[73]
5105,"[619, 91, 91]"
5109,"[1210, 376, 194]"
5111,[18]
5113,[179]
5117,[1]
5119,[103]
5123,"[1348, 184, 25, 184, 306]"
5134,[378]
5147,[199]
5149,"[18, 4719]"
5150,[625]
5153,"[130, 73]"
5156,[242]
5157,[386]
5159,[72]
5160,[6312]
5170,[24]
5172,[192]
5174,[546]
5175,"[192, 387]"
5178,[39]
5180,[21]
5182,[187]
5185,[9828]
5197,[21]
5216,[78]
5217,"[78, 79]"
5228,[167]
5229,[296]
5233,[1964]
5235,"[4116, 4612]"
5237,[73]
5239,[102]
5240,"[108, 5913]"
5241,[12371]
5242,"[2694, 306]"
5244,[72]
5246,[3926]
5249,[13]
5254,"[5197, 4923, 24]"
5255,"[19, 130]"
5257,"[1100, 247, 25]"
5258,"[195, 4940, 275]"
5260,"[8576, 511, 16]"
5263,[247]
5266,[784]
5268,[493]
5288,[130]
5295,[2143]
5296,[2244]
5297,[424]
5299,[61]
5306,"[5129, 364]"
5310,"[181, 182]"
5317,[2034]
5325,"[120, 191]"
5327,[824]
5338,[79]
5343,[826]
5347,"[564, 187]"
5348,[88]
5353,[7865]
5358,"[90, 568]"
5359,[15]
5360,"[18, 14]"
5366,[91]
5367,[253]
5375,[850]
5382,[108]
5410,[292]
5412,[13]
5414,"[84, 2233]"
5415,[102]
5416,"[78, 693]"
5417,[73]
5420,[1478]
5421,[3980]
5423,[81]
5426,[176]
5427,"[4549, 712]"
5429,"[9817, 79]"
5434,"[7252, 192, 247]"
5440,[79]
5442,[7995]
5446,"[185, 185]"
5447,[83]
5452,"[98, 709, 25, 1352, 25]"
5454,[432]
5463,[306]
5467,[187]
5474,[706]
5475,"[12219, 447, 234, 130, 21]"
5478,"[12218, 15]"
5480,"[79, 14, 11489, 81, 13]"
5487,"[109, 73]"
5491,[2362]
5492,[90]
5500,[327]
5502,[826]
5503,"[2805, 14]"
5507,[588]
5521,[564]
5522,[568]
5524,[81]
5532,[1445]
5534,[24]
5536,"[103, 102]"
5547,"[81, 210]"
5549,"[4623, 6483, 84]"
5550,"[130, 73]"
5553,"[81, 839]"
5563,[8414]
5580,[33]
5581,"[61, 565, 12174]"
5583,"[6, 61]"
5591,[24]
5600,[4307]
5609,[61]
5635,[5753]
5636,[181]
5638,[127]
5640,[194]
5645,[265]
5653,"[61, 130]"
5660,[695]
5670,"[18, 18]"
5673,[1365]
5678,[102]
5683,[102]
5684,[79]
5688,[386]
5689,[82]
5698,[2798]
5700,"[88, 13]"
5707,"[575, 608]"
5709,"[67, 33, 46]"
5713,[23]
5715,[3673]
5716,[33]
5718,[574]
5722,[565]
5726,[81]
5729,"[828, 73]"
5735,[84]
5745,[83]
5746,"[195, 195, 2938]"
5752,[12311]
5767,"[7938, 184, 130, 134, 4721]"
5770,[2195]
5772,[432]
5778,[9923]
5780,"[352, 73]"
5785,"[735, 2726, 16, 9765, 195]"
5787,[130]
5791,[184]
5795,[87]
5799,[6444]
5800,[33]
5803,"[90, 88, 4944, 47]"
5804,[33]
5805,[33]
5806,[191]
5820,[615]
5822,[991]
5823,[6318]
5824,[5532]
5841,[72]
5844,"[88, 75, 88]"
5845,"[311, 265]"
5847,[188]
5850,[5104]
5866,[6256]
5868,[15]
5883,[2246]
5898,[88]
5902,[387]
5903,[827]
5912,[16]
5913,[275]
5914,[84]
5917,[275]
5920,"[275, 18, 79]"
5922,[18]
5923,[1628]
5924,[275]
5925,"[9946, 296]"
5926,"[84, 81]"
5927,[13]
5929,[12209]
5934,[296]
5942,[526]
5950,"[24, 483]"
5961,[33]
5966,[81]
5968,[2211]
5969,"[180, 178]"
5972,[6976]
5982,"[545, 527]"
5983,[608]
5987,[1633]
5988,"[200, 167]"
6008,"[39, 18]"
6013,[186]
6034,[81]
6038,[70]
6045,"[21, 18, 2531, 21]"
6048,"[87, 11440, 11439, 127, 87, 191, 87]"
6064,[509]
6070,"[509, 1156]"
6073,"[8590, 2006]"
6076,"[3066, 191]"
6081,[76]
6127,"[79, 169]"
6130,[61]
6133,"[386, 370]"
6134,[424]
6137,"[83, 432, 1627]"
6140,[292]
6141,[6563]
6146,[78]
6149,[187]
6150,"[18, 74, 14, 191]"
6152,"[26, 47]"
6158,[14]
6159,[87]
6160,"[34, 2384, 14]"
6165,[73]
6169,[481]
6176,[13]
6177,"[18, 14, 38, 567, 18]"
6178,[33]
6181,[2068]
6182,[81]
6185,[187]
6187,[33]
6188,[1100]
6194,[8160]
6198,"[28, 30]"
6213,[10533]
6215,[292]
6223,[195]
6231,[1880]
6237,"[86, 565]"
6240,[79]
6245,[3809]
6247,[216]
6249,"[78, 79, 73]"
6250,"[73, 3061]"
6252,"[26, 12494]"
6253,[72]
6254,[72]
6256,[2139]
6257,"[61, 376, 73, 6]"
6259,[1]
6262,[130]
6268,[91]
6288,[197]
6292,[1286]
6294,[835]
6295,[81]
6297,[831]
6298,[842]
6301,[508]
6315,[352]
6316,[356]
6319,[1025]
6321,[33]
6325,[103]
6330,[7255]
6335,[7760]
6346,[304]
6363,[83]
6374,"[130, 130, 187, 396, 84, 18, 396]"
6375,"[3182, 102, 167, 3177]"
6376,"[39, 3184, 304, 102, 167]"
6377,[3179]
6380,[826]
6385,"[640, 526]"
6387,[3178]
6388,"[103, 102]"
6389,"[167, 134, 6599]"
6391,[360]
6394,[3189]
6397,[3653]
6399,"[8598, 8572]"
6400,[73]
6414,[391]
6423,[32]
6424,[33]
6425,[4328]
6427,[24]
6435,[186]
6439,[79]
6440,[127]
6442,"[169, 182]"
6452,[11877]
6453,"[79, 9945, 169, 81, 73]"
6454,[8522]
6456,[73]
6458,"[1355, 6450]"
6459,[713]
6463,[6492]
6475,[311]
6493,[1]
6498,[302]
6499,[79]
6502,[39]
6503,[319]
6507,"[191, 830, 308]"
6510,[3233]
6512,[308]
6516,[319]
6518,[3234]
6520,[18]
6531,[11534]
6539,[78]
6541,"[547, 409, 445]"
6543,[238]
6544,"[18, 18]"
6547,[18]
6550,[570]
6554,[724]
6558,[73]
6560,[181]
6562,[130]
6563,[5229]
6567,"[167, 210]"
6570,[78]
6576,[76]
6581,"[758, 103]"
6582,"[26, 187]"
6585,[18]
6586,"[608, 42]"
6594,[625]
6597,[1249]
6600,[9820]
6602,[9823]
6606,[1249]
6618,[197]
6619,[102]
6620,"[3549, 370, 2511, 304]"
6621,"[640, 3539]"
6623,[103]
6629,[2349]
6631,"[102, 1722]"
6649,[6216]
6652,[6216]
6654,[6216]
6657,[210]
6659,"[574, 61]"
6677,[79]
6680,[81]
6689,[3383]
6693,[73]
6698,[17]
6708,[203]
6711,[5819]
6714,"[74, 25, 346, 25]"
6715,[130]
6722,"[1070, 24, 3375]"
6724,"[4356, 78, 185]"
6726,"[79, 719, 187]"
6728,[352]
6732,[3425]
6735,[24]
6737,[1023]
6742,"[191, 30]"
6748,"[72, 30]"
6752,[742]
6756,"[87, 1995]"
6757,[14]
6759,"[7660, 821]"
6760,"[18, 46]"
6761,[825]
6762,"[187, 18, 13, 15]"
6763,[18]
6764,[14]
6770,[306]
6771,[81]
6773,"[181, 11878]"
6776,[2197]
6777,"[4932, 1070, 24, 709]"
6782,[134]
6783,[3496]
6784,[6795]
6789,[170]
6790,"[4300, 226, 73]"
6791,[3497]
6792,"[109, 78]"
6795,[130]
6800,[127]
6802,[1359]
6806,[1359]
6812,"[1739, 1]"
6824,"[8462, 275]"
6830,[7953]
6836,"[11804, 11798, 11811, 4408]"
6837,[1006]
6847,[11936]
6850,[285]
6852,[352]
6853,[8854]
6855,[7958]
6862,[1238]
6865,[287]
6871,"[86, 61]"
6873,[565]
6883,[74]
6884,"[824, 895]"
6885,"[3542, 2785]"
6887,"[3539, 103]"
6888,"[3547, 3537, 103]"
6890,[3560]
6891,"[3552, 3542, 3551, 228]"
6892,"[3560, 1722]"
6893,[103]
6895,"[3560, 2640, 283]"
6896,[3552]
6898,[3534]
6899,[1911]
6900,"[3539, 3543]"
6901,[3534]
6902,[306]
6905,"[1366, 3534]"
6910,"[187, 7253]"
6915,[18]
6940,[352]
6944,[608]
6945,[292]
6948,[14]
6949,"[13, 15, 13]"
6950,"[192, 799]"
6957,"[1076, 409, 409, 76]"
6958,[830]
6959,"[445, 4955, 192]"
6966,[59]
6975,[3340]
6980,[574]
6994,[141]
7006,[33]
7007,[15]
7010,[3596]
7012,"[2944, 574, 3590]"
7013,[47]
7015,[826]
7018,"[574, 13]"
7021,"[88, 1159, 14]"
7024,[574]
7029,[10533]
7031,"[3593, 34, 15, 47, 213]"
7043,[424]
7047,"[108, 735, 11055, 82, 543]"
7050,[445]
7051,"[33, 76]"
7054,"[387, 387]"
7056,"[829, 829, 829]"
7057,[4047]
7058,[130]
7061,"[4805, 4810]"
7074,[78]
7076,"[895, 1858, 2115]"
7078,[9035]
7084,[3684]
7094,[1474]
7096,[11757]
7098,[231]
7100,[1]
7101,[414]
7109,[977]
7112,[73]
7116,[89]
7117,[127]
7123,"[1796, 11164]"
7137,[321]
7138,[1355]
7140,"[829, 130, 766, 134]"
7144,[84]
7151,[611]
7152,[184]
7153,[6253]
7155,[264]
7160,[541]
7177,[73]
7178,"[81, 84]"
7180,[81]
7183,"[12288, 11487]"
7187,[81]
7188,[296]
7190,[84]
7193,"[39, 39]"
7194,"[81, 170]"
7197,[713]
7219,[78]
7227,[370]
7237,[191]
7239,[6253]
7247,[130]
7248,"[73, 850, 192, 1097]"
7259,[83]
7264,[829]
7265,[227]
7268,"[2381, 483, 105]"
7281,[11616]
7286,"[611, 11615]"
7288,[134]
7290,"[389, 24]"
7293,[3790]
7312,[1469]
7316,[90]
7321,[78]
7324,[203]
7326,[121]
7327,[2938]
7329,"[5803, 181]"
7340,"[4855, 167]"
7343,"[16, 18, 494, 16]"
7344,[74]
7347,"[16, 17]"
7352,[1796]
7353,[10534]
7359,[216]
7366,[130]
7374,[1017]
7378,[821]
7380,[87]
7382,"[18, 3711]"
7398,[1462]
7406,[78]
7407,"[1222, 275, 181]"
7410,[247]
7414,[3599]
7419,"[386, 1, 72]"
7435,[557]
7439,[3862]
7445,[188]
7448,[109]
7452,[73]
7465,"[3899, 3902, 3898]"
7469,[570]
7473,[4897]
7475,[10848]
7479,[935]
7480,[47]
7484,[15]
7485,[47]
7493,"[47, 47]"
7494,[8670]
7501,[167]
7515,[4113]
7520,[309]
7525,"[1859, 134]"
7530,"[4116, 7045]"
7532,[79]
7541,[265]
7548,[265]
7552,[3924]
7577,[5693]
7578,[2806]
7588,"[5694, 120]"
7591,[5693]
7592,[299]
7603,"[85, 85]"
7615,"[996, 102]"
7616,[308]
7620,[5218]
7623,[4116]
7625,[9955]
7626,[1627]
7634,[78]
7639,[1]
7640,[74]
7643,[30]
7644,"[81, 601]"
7649,"[18, 11936, 9565]"
7661,[10587]
7662,[203]
7665,"[216, 1534]"
7675,[935]
7677,[83]
7679,"[49, 127]"
7680,[61]
7681,[9203]
7683,[69]
7686,[292]
7688,[570]
7691,[85]
7693,[69]
7694,[3981]
7695,[47]
7699,[47]
7703,[109]
7707,[76]
7725,[78]
7744,[195]
7750,[195]
7754,[7642]
7756,[6263]
7759,"[3022, 25, 5194, 5694, 8024]"
7760,[180]
7768,"[2213, 2212]"
7775,[78]
7781,"[81, 20]"
7791,[2244]
7800,"[73, 192, 73]"
7802,[424]
7809,[10534]
7810,[21]
7811,[21]
7812,[1640]
7819,[292]
7821,"[21, 213, 21, 11501, 2384]"
7823,[693]
7826,[292]
7827,[292]
7828,[81]
7832,[1247]
7837,[836]
7845,[734]
7870,[4093]
7874,[30]
7876,"[4104, 14]"
7880,"[16, 25]"
7883,"[90, 568]"
7890,[81]
7897,[169]
7898,[78]
7901,[2489]
7902,[830]
7903,[76]
7904,"[130, 12287, 717, 6450]"
7912,"[191, 192]"
7914,"[1, 4]"
7921,[4]
7925,[4120]
7926,[12026]
7927,"[16, 4141, 16, 79, 192]"
7929,[12209]
7932,"[24, 2784, 4449]"
7934,"[18, 39]"
7935,"[109, 695, 9763]"
7943,[824]
7944,[1096]
7947,[78]
7981,[1002]
7987,[1001]
7994,[1970]
8002,[309]
8010,[140]
8016,[1423]
8023,[18]
8026,[67]
8027,"[1995, 191]"
8042,"[185, 352]"
8047,"[134, 737]"
8054,[81]
8067,"[24, 167]"
8068,"[13, 15, 18, 33]"
8069,[79]
8072,[625]
8076,[11956]
8078,[167]
8093,[1210]
8106,[193]
8110,[6824]
8111,"[247, 4259]"
8114,[12132]
8115,[192]
8121,[5104]
8122,"[8501, 830]"
8126,"[4263, 1344]"
8130,[134]
8132,[570]
8140,"[4897, 1040]"
8149,"[86, 74]"
8155,[185]
8162,[102]
8163,[73]
8178,"[304, 11956]"
8179,[102]
8182,[831]
8184,"[304, 352]"
8195,[73]
8201,[15]
8214,[47]
8215,"[6628, 855]"
8219,[13]
8221,[20]
8230,"[963, 13]"
8232,"[15, 299]"
8233,[10691]
8234,[545]
8247,"[91, 5]"
8250,[4332]
8256,[4316]
8262,"[134, 824]"
8264,"[292, 134, 824, 185]"
8267,[830]
8283,"[3048, 24]"
8286,[127]
8288,[321]
8298,[1843]
8302,[1006]
8309,"[700, 4925, 192]"
8312,[192]
8313,[73]
8314,"[108, 1356]"
8322,[4364]
8323,[4359]
8347,[2]
8348,[1359]
8350,"[78, 177, 79]"
8351,[386]
8363,[208]
8364,[167]
8367,[352]
8369,"[575, 27]"
8370,[2796]
8371,[830]
8375,[1554]
8383,[83]
8386,[91]
8388,[2308]
8396,[7550]
8398,[541]
8418,[79]
8421,[72]
8429,"[73, 78]"
8432,[83]
8445,"[130, 292]"
8459,[78]
8461,[6798]
8479,[73]
8497,"[39, 39]"
8500,[296]
8504,[185]
8510,[6170]
8523,[4426]
8533,[46]
8544,[4340]
8545,[192]
8549,[242]
8552,"[4141, 4932, 1099]"
8555,[26]
8563,[193]
8569,[735]
8570,[195]
8573,[24]
8582,"[47, 18]"
8586,[234]
8589,"[187, 855, 855]"
8591,[717]
8592,[134]
8595,"[134, 292]"
8596,[185]
8597,"[14, 13, 18]"
8600,[3653]
8607,"[4473, 21]"
8611,[345]
8649,"[185, 8513, 824, 81]"
8657,[11941]
8664,[9314]
8668,[179]
8672,[79]
8673,[78]
8674,[1534]
8676,"[13, 824]"
8678,[9427]
8689,[30]
8699,[23]
8701,[9428]
8702,[9443]
8703,[33]
8705,[11935]
8706,"[74, 935, 306]"
8710,"[84, 2115, 81]"
8722,[102]
8729,[185]
8741,[1432]
8743,"[2453, 1354, 1354]"
8749,[12642]
8758,[24]
8768,"[188, 167]"
8769,[182]
8770,[73]
8781,"[2887, 640]"
8789,"[39, 18, 9972, 828]"
8790,"[13, 18]"
8794,[386]
8795,[192]
8796,[712]
8803,"[1356, 695]"
8806,[1550]
8808,[445]
8810,[191]
8812,[1074]
8821,[7474]
8823,[25]
8830,"[81, 9183]"
8832,[127]
8834,[238]
8837,"[83, 6576]"
8838,[821]
8844,[978]
8853,[191]
8857,[1555]
8863,"[167, 228]"
8864,[296]
8868,[2137]
8871,[296]
8873,[79]
8880,[73]
8884,[297]
8910,[958]
8912,[177]
8916,[177]
8929,[550]
8930,"[194, 2217]"
8936,[8237]
8945,[181]
8946,[2217]
8954,[82]
8991,"[9761, 625]"
9033,[301]
9036,[188]
9043,[12638]
9046,[4758]
9052,[292]
9076,[73]
9115,[1316]
9127,[741]
9132,[84]
9141,"[346, 5033]"
9144,"[179, 575]"
9146,[574]
9147,[275]
9160,"[195, 389]"
9162,[187]
9163,"[188, 18]"
9170,[231]
9187,"[1252, 7644, 79]"
9200,[145]
9230,[81]
9242,"[177, 1365]"
9245,[601]
9253,"[885, 899]"
9254,[4874]
9260,[1322]
9263,"[566, 30]"
9266,[5736]
9282,"[183, 1505, 3810]"
9285,[18]
9286,"[247, 247]"
9287,[4928]
9288,"[19, 505, 641]"
9289,"[18, 4933]"
9290,"[247, 700]"
9292,"[1951, 203, 735]"
9296,"[195, 191]"
9297,[2606]
9300,[247]
9310,"[185, 130]"
9318,[134]
9321,[191]
9322,"[897, 1447]"
9324,"[389, 7803, 79]"
9336,"[821, 87]"
9337,[14]
9338,"[16, 25, 16]"
9344,"[170, 170, 73]"
9346,[8052]
9347,"[73, 72]"
9352,"[445, 830]"
9353,[2886]
9355,"[1492, 15]"
9356,[14]
9357,"[564, 1492]"
9363,[191]
9366,"[83, 1355]"
9387,"[24, 144]"
9401,[184]
9403,[130]
9416,[73]
9417,[98]
9419,[735]
9423,"[735, 24]"
9424,"[4449, 88]"
9426,[25]
9429,[192]
9433,"[12266, 825]"
9435,"[1210, 193, 1210]"
9438,[7967]
9448,[210]
9453,[424]
9456,"[8733, 32]"
9466,[76]
9467,[9974]
9468,"[8749, 10559]"
9469,[195]
9470,"[79, 4676]"
9477,[5010]
9481,[292]
9484,"[181, 370]"
9485,"[84, 84, 724]"
9498,"[21, 32]"
9504,"[49, 18]"
9505,[61]
9510,[735]
9513,[192]
9518,[362]
9520,[1159]
9521,"[829, 3609]"
9528,[73]
9539,[3828]
9540,[14]
9541,"[216, 4882]"
9543,[192]
9549,[184]
9560,[247]
9570,[130]
9577,[541]
9589,[265]
9595,[265]
9596,[5103]
9598,"[311, 8501]"
9607,[311]
9608,[311]
9609,[5104]
9612,[3925]
9614,[3929]
9616,[5103]
9629,[16]
9631,[79]
9647,"[192, 8238]"
9649,[191]
9651,[5183]
9654,[8304]
9658,"[130, 105]"
9666,[81]
9669,[292]
9672,"[81, 391, 87]"
9680,[30]
9685,[30]
9699,"[192, 192, 134, 8502]"
9700,[1627]
9702,[3844]
9713,"[693, 823]"
9716,"[387, 32, 191]"
9724,[513]
9727,[16]
9734,"[6357, 238, 6352]"
9735,[2824]
9742,[24]
9751,"[292, 73]"
9754,[24]
9761,[3673]
9766,"[18, 3045, 34]"
9771,[611]
9791,"[102, 103]"
9820,[308]
9825,"[735, 394]"
9826,"[2191, 6798]"
9840,[1455]
9851,[130]
9855,[181]
9860,[187]
9869,"[74, 12209]"
9872,[1222]
9873,[72]
9874,[81]
9877,[724]
9888,[102]
9892,[39]
9896,[3048]
9902,[102]
9907,[640]
9913,[304]
9919,[5410]
9920,[543]
9926,[830]
9936,[178]
9945,[187]
9953,[9817]
9960,[259]
9962,[2139]
9966,[181]
9969,"[17, 25]"
9970,[14]
9974,"[15, 13]"
9977,[296]
9980,"[16, 18, 17, 275]"
9987,"[1357, 90]"
9990,[134]
9997,[210]
9999,[575]
10002,"[127, 1159]"
10007,[33]
10027,[625]
10036,[376]
10040,[2]
10055,[285]
10068,[850]
10075,"[346, 345]"
10080,[73]
10092,[6]
10105,[275]
10114,"[247, 700, 4921]"
10115,[275]
10122,[18]
10128,[5544]
10129,[7864]
10130,"[8236, 695, 735]"
10133,"[130, 247]"
10134,[625]
10157,[216]
10162,[3653]
10172,[21]
10174,"[18, 33]"
10191,[184]
10196,"[81, 73]"
10202,[821]
10224,[545]
10231,[7252]
10233,"[1316, 706, 24]"
10235,[140]
10299,"[319, 5632]"
10300,[1]
10303,[5632]
10310,[1]
10311,[319]
10316,"[405, 79]"
10317,[405]
10318,[1249]
10327,"[84, 24, 81]"
10370,[33]
10380,[574]
10383,[18]
10391,"[33, 21]"
10394,"[865, 625]"
10401,[179]
10402,"[2139, 182]"
10406,[262]
10410,[1684]
10415,"[5715, 1627]"
10433,[18]
10436,[90]
10444,[2205]
10446,"[345, 1290]"
10460,[432]
10462,[24]
10464,"[311, 1455]"
10486,[194]
10491,[73]
10515,[6309]
10516,[18]
10517,[187]
10518,[34]
10519,[15]
10520,[130]
10522,"[309, 21]"
10524,"[18, 21, 8498]"
10526,[73]
10537,[73]
10561,[10848]
10564,[6692]
10567,[194]
10569,[18]
10573,[194]
10579,[181]
10584,[1]
10585,[1372]
10604,[24]
10609,[127]
10610,[84]
10612,[304]
10613,"[185, 2371]"
10616,"[127, 33]"
10617,[81]
10618,[84]
10619,[73]
10625,"[81, 17]"
10626,"[195, 25]"
10628,[8510]
10629,[600]
10631,[18]
10632,"[2607, 4924]"
10633,[16]
10638,"[73, 1356]"
10653,"[4429, 8504]"
10657,"[170, 81]"
10660,[10394]
10661,[1355]
10663,"[311, 311]"
10676,"[4, 5976]"
10677,[8303]
10684,[105]
10685,"[396, 18]"
10698,"[1351, 39]"
10719,[13]
10722,[321]
10728,[74]
10738,"[296, 8670]"
10739,[74]
10742,[122]
10743,[2233]
10748,[73]
10753,"[181, 182]"
10756,[84]
10762,"[249, 247]"
10765,[181]
10766,"[81, 25]"
10767,[181]
10768,"[6318, 91]"
10776,"[147, 415]"
10784,"[178, 180]"
10794,"[3, 30]"
10798,[1249]
10807,"[6095, 141]"
10812,[127]
10820,[3445]
10822,[689]
10825,[73]
10827,[73]
10829,[387]
10843,[184]
10844,[90]
10848,[182]
10854,[185]
10856,"[6016, 238]"
10865,[7]
10870,[1]
10872,[103]
10891,[5675]
10894,[8341]
10895,[5]
10900,[12027]
10901,[79]
10926,[541]
10954,[828]
10955,[11877]
10956,[385]
10963,[309]
10967,[1299]
10969,[321]
10977,[1]
10979,[1365]
10982,[828]
10987,"[188, 8258, 321]"
10989,[12306]
10990,[130]
11002,[735]
11004,[2216]
11005,"[178, 569]"
11011,[823]
11020,"[824, 844]"
11030,[18]
11034,[181]
11036,[122]
11039,[5939]
11040,[6164]
11042,[25]
11049,[73]
11051,[13]
11062,[702]
11064,[167]
11065,[371]
11070,[3213]
11076,[2349]
11077,[3181]
11084,[308]
11085,[238]
11087,"[6, 61]"
11090,"[574, 6213]"
11102,[574]
11103,[9]
11117,[18]
11120,[619]
11132,"[5693, 144]"
11136,[4613]
11139,"[98, 39, 105]"
11146,[191]
11155,"[130, 84, 24]"
11178,"[543, 5407]"
11187,[18]
11190,[18]
11193,"[564, 564]"
11200,"[9425, 34, 34]"
11203,"[34, 1469, 18, 15]"
11205,[187]
11208,[47]
11209,[14]
11215,[84]
11217,[7643]
11219,"[352, 24]"
11222,[78]
11223,[216]
11224,[1252]
11230,"[134, 389, 134, 10588]"
11234,"[7517, 121]"
11239,[4449]
11252,[1218]
11258,[1843]
11264,[191]
11265,[81]
11267,"[26, 292]"
11268,"[345, 24]"
11272,"[191, 33]"
11286,[296]
11337,[6359]
11341,"[39, 6344]"
11342,"[3332, 6358]"
11344,[39]
11345,[1032]
11346,"[6349, 130, 6348]"
11347,"[6357, 6363, 6364]"
11348,[24]
11349,[191]
11352,"[9428, 344, 507, 344]"
11396,[185]
11397,[275]
11412,[8497]
11413,[127]
11416,[528]
11423,[835]
11434,[88]
11475,[87]
11476,"[3986, 32]"
11477,"[83, 83, 526]"
11479,[6445]
11480,[526]
11482,[526]
11483,"[87, 821]"
11484,"[299, 81]"
11498,[176]
11501,[192]
11510,[227]
11515,[73]
11517,[738]
11518,"[73, 73, 61, 61]"
11520,"[187, 12047]"
11526,"[1159, 1492]"
11530,[14]
11534,[1492]
11570,[105]
11571,[296]
11577,[181]
11588,[11486]
11592,[87]
11598,[84]
11602,[2068]
11606,"[178, 14]"
11613,[6540]
11615,[1322]
11621,[14]
11625,[79]
11635,[87]
11636,[387]
11637,[4430]
11638,"[33, 10099, 33]"
11640,[216]
11659,[6576]
11675,[6576]
11693,[6604]
11717,[493]
11720,[49]
11723,[824]
11729,[134]
11739,[81]
11740,[354]
11763,"[432, 9491]"
11764,[693]
11768,"[735, 839, 213]"
11769,"[8520, 193]"
11770,[193]
11771,[193]
11774,[1352]
11789,[625]
11794,[695]
11796,[1252]
11802,[14]
11806,[4549]
11811,"[81, 185]"
11817,"[3508, 385]"
11819,"[84, 73]"
11826,[102]
11886,[3807]
11887,[81]
11892,"[4102, 296, 393]"
11895,[185]
11896,[391]
11897,"[18, 393]"
11898,[391]
11900,[79]
11901,[2244]
11910,[84]
11916,"[445, 735]"
11917,"[829, 2726]"
11919,[130]
11921,[6832]
11923,[7474]
11930,[25]
11933,[181]
11950,[84]
11963,[16]
11970,[134]
11974,[130]
11976,[85]
11978,[14]
11985,[611]
11994,[210]
12000,[10159]
12002,"[18, 352, 73, 1534]"
12006,"[233, 1797]"
12008,[935]
12013,"[18, 79]"
12023,[935]
12025,"[8333, 3236]"
12026,"[824, 2610]"
12028,[304]
12032,[73]
12034,"[7645, 7642]"
12038,[308]
12046,[88]
12047,[387]
12056,[829]
12065,[81]
12070,"[184, 1771]"
12081,[6999]
12083,[829]
12092,[432]
12096,[121]
12104,[1247]
12115,[830]
12116,"[829, 825]"
12123,"[3609, 829]"
12124,[39]
12130,[81]
12139,[7054]
12160,[1035]
12164,"[81, 134]"
12165,[11933]
12183,[719]
12185,[730]
12203,[103]
12205,"[73, 306]"
12218,[79]
12219,[735]
12220,[181]
12231,[7117]
12243,[311]
12307,[120]
12314,[130]
12318,[73]
12319,[130]
12334,[187]
12338,[61]
12348,[73]
12351,[49]
12352,"[1357, 352]"
12356,[39]
12357,[79]
12358,"[7285, 181, 7261]"
12361,[7257]
12362,[81]
12363,[18]
12397,"[306, 5818]"
12400,"[37, 25]"
12435,"[11374, 7333]"
12439,[6363]
12441,[7333]
12443,[7351]
12450,"[290, 7338]"
12454,[299]
12461,[7347]
12470,[735]
12505,[33]
12547,"[545, 7426]"
12548,[130]
12561,"[12294, 24]"
12565,[8951]
12566,"[7448, 512]"
12573,[8303]
12581,[30]
12599,"[81, 735, 184]"
12618,[3837]
12623,[192]
12625,[347]
12637,[247]
12640,[829]
12671,[387]
12688,[1767]
12693,[1]
12706,[87]
12710,[394]
12717,[73]
12723,[2118]
12745,[23]
12759,[18]
12762,[88]
12787,[9817]
12792,"[1079, 79]"
12798,[6095]
12801,[141]
12802,[141]
12807,[7551]
12817,[25]
12867,[90]
12878,[7596]
12885,[13]
12893,[3970]
12895,[187]
12902,[184]
12904,[1911]
12911,[72]
12918,"[81, 79, 130, 10534, 78, 73, 829]"
12921,[264]
12924,[319]
12925,[2784]
12930,[2489]
12939,[1286]
12950,[7641]
12951,[7640]
12953,[1252]
12976,"[88, 130]"
12994,"[216, 18]"
13001,[7682]
13008,"[18, 309]"
13009,[39]
13010,"[81, 309]"
13011,[309]
13012,[611]
13016,[188]
13017,[311]
13042,[2609]
13051,[73]
13054,[33]
13063,"[8305, 134]"
13066,[292]
13094,[5328]
13100,"[7824, 7819, 7833, 5329, 7821]"
13106,"[537, 7855, 185]"
13123,"[72, 445]"
13133,[830]
13136,[319]
13145,"[26, 21]"
13151,[1048]
13154,[4847]
13156,[2191]
13158,[25]
13159,[511]
13162,"[9433, 130]"
13164,[191]
13168,[10533]
13173,[15]
13174,[507]
13182,"[10969, 514, 74, 345, 10970]"
13185,[514]
13189,[74]
13190,[17]
13192,[501]
13198,[18]
13202,"[514, 17]"
13213,[360]
13214,[1]
13246,[11210]
13266,[306]
13268,"[134, 850, 25]"
13270,[829]
13276,"[72, 387]"
13291,[72]
13309,[8734]
13312,[18]
13318,[721]
13319,[6571]
13320,[83]
13327,[10112]
13338,"[2064, 191]"
13347,"[190, 612]"
13353,[814]
13361,[231]
13372,[88]
13375,[39]
13393,[13]
13397,"[184, 4288]"
13416,[79]
13417,[81]
13426,[25]
13431,"[73, 178, 176]"
13434,"[130, 26, 4309]"
13437,[853]
13443,[10490]
13448,[712]
13450,"[625, 695]"
13452,[73]
13456,[309]
13458,[167]
13468,[169]
13474,[193]
13500,[187]
13508,[187]
13523,"[750, 178]"
13528,[78]
13556,[87]
13558,[389]
13570,[127]
13575,[8517]
13576,[306]
13579,[185]
13588,"[1099, 545]"
13589,[8237]
13590,"[721, 545, 1548]"
13598,[292]
13599,[24]
13606,[445]
13609,[252]
13612,[343]
13621,[192]
13624,[4418]
13633,[7202]
13637,"[8292, 499]"
13638,[76]
13646,"[39, 195]"
13659,[9437]
13667,[1080]
13669,[9874]
13671,"[33, 16]"
13687,[8367]
13692,[194]
13710,"[8382, 1354, 73]"
13716,[81]
13719,[823]
13724,[354]
13727,[4]
13730,[567]
13736,[9482]
13738,"[296, 824]"
13742,[24]
13754,"[18, 61, 189]"
13756,[8482]
13813,[83]
13815,[625]
13830,[8508]
13846,[5]
13847,[1682]
13861,[187]
13879,[4397]
13888,[6628]
13892,[275]
13926,[308]
13932,[18]
13935,[76]
13939,[1247]
13941,"[85, 625]"
13942,[526]
13947,"[499, 8671, 8678]"
13950,[83]
13954,[47]
13995,[1]
13999,"[8772, 2011, 8797]"
14005,[33]
14012,[134]
14014,"[8804, 2824, 8810, 6572]"
14015,"[134, 829]"
14019,"[2139, 445]"
14024,[2068]
14029,[8824]
14031,[829]
14052,[73]
14057,"[396, 184, 527, 352]"
14058,[79]
14061,"[73, 1]"
14067,[5011]
14069,[935]
14071,"[3585, 8875, 1535, 193]"
14092,[4]
14106,"[195, 1288, 181]"
14110,[1859]
14111,[11440]
14114,"[11439, 194, 11440]"
14115,[11440]
14116,[181]
14123,"[445, 245, 8907, 7272]"
14132,[73]
14138,[6629]
14185,[292]
14193,[184]
14204,[292]
14221,[611]
14239,[130]
14241,[7938]
14269,[18]
14285,[18]
14286,[61]
14300,"[3184, 826, 216]"
14305,"[617, 91, 91]"
14318,[352]
14324,[4679]
14329,[216]
14359,[79]
14363,[526]
14367,[306]
14369,[569]
14374,[1080]
14378,[75]
14389,[405]
14401,[247]
14429,[4261]
14434,[187]
14448,[1079]
14450,"[526, 191, 191]"
14455,[79]
14466,[184]
14474,[199]
14476,[829]
14492,[9223]
14494,[9227]
14500,[9203]
14502,[258]
14509,[1099]
14511,[61]
14516,[130]
14520,[130]
14523,"[16, 121]"
14525,[24]
14529,[39]
14530,[831]
14534,"[81, 73]"
14537,[991]
14542,[9278]
14546,[130]
14560,[33]
14570,[81]
14579,[83]
14584,"[72, 386]"
14591,[238]
14594,"[200, 9328]"
14599,[79]
14614,[81]
14622,[81]
14633,[9361]
14634,[79]
14638,[79]
14645,"[228, 292]"
14646,[73]
14649,[299]
14665,[9457]
14666,[935]
14668,[9440]
14672,[935]
14684,[9429]
14685,[81]
14688,[239]
14712,"[447, 5043, 5493]"
14727,[1365]
14736,[8933]
14740,"[134, 10533]"
14744,[9425]
14745,"[2610, 2610, 2609]"
14746,[191]
14752,[7745]
14766,"[570, 1469, 90]"
14774,[1469]
14780,[9431]
14801,[210]
14840,[181]
14846,[918]
14848,[191]
14860,[26]
14877,[76]
14889,[194]
14906,[39]
14922,[9822]
14925,[11359]
14931,"[9632, 9637, 821, 9629]"
14932,[127]
14936,[393]
14937,[391]
14942,[81]
14943,[391]
14954,[387]
14956,[4046]
14960,[823]
14971,[424]
15037,[187]
15044,[1]
15053,[376]
15058,[826]
15065,[120]
15108,[12132]
15122,[81]
15146,[12303]
15159,[8462]
15167,[24]
15172,[127]
15204,[11439]
15206,[352]
15213,[134]
15214,[130]
15220,[181]
15236,"[4350, 18]"
15247,[187]
15249,[130]
15250,"[9799, 9570]"
15251,"[9799, 108]"
15252,"[73, 611]"
15258,[90]
15267,[83]
15269,"[1099, 4925]"
15292,[526]
15298,"[396, 30]"
15299,[30]
15307,[854]
15308,[7252]
15315,"[14, 33]"
15325,"[541, 4679]"
15329,[4308]
15335,[1041]
15338,[545]
15345,[2137]
15361,[24]
15362,[33]
15363,[1076]
15371,[130]
15420,[5019]
15430,[234]
15431,[178]
15436,"[823, 527]"
15443,[78]
15451,[39]
15456,[87]
15457,"[20, 11506, 73, 1513, 187]"
15476,[192]
15482,[2191]
15493,[842]
15532,[1357]
15533,"[201, 1357]"
15544,"[24, 625, 216]"
15546,[17]
15547,[18]
15550,[187]
15551,[11933]
15559,[370]
15564,"[2925, 309, 285, 61, 187]"
15566,[78]
15569,[187]
15586,[735]
15601,"[275, 887]"
15603,[27]
15611,"[6928, 447]"
15614,"[352, 831]"
15624,[18]
15637,[16]
15639,[134]
15642,[88]
15643,[25]
15645,[24]
15651,[127]
15662,[21]
15671,"[187, 570]"
15675,"[21, 570, 18, 6295, 2525, 299]"
15679,"[134, 234, 12099]"
15682,[521]
15687,"[2010, 79]"
15688,[14]
15690,[191]
15707,[23]
15728,[187]
15737,[511]
15738,[10175]
15748,[10206]
15752,"[24, 81]"
15771,[81]
15778,[187]
15783,[34]
15785,[105]
15791,[105]
15799,"[34, 9429]"
15800,[18]
15813,[311]
15817,[192]
15841,[741]
15842,[1]
15860,[10490]
15863,[296]
15880,"[187, 13]"
15918,[122]
15919,"[10362, 825, 20, 10368]"
15920,[625]
15922,[8397]
15949,[81]
15955,[18]
15961,[79]
15965,[1]
15974,"[192, 364]"
15985,[75]
15986,[192]
15991,[481]
15994,[81]
16017,[177]
16021,[6]
16022,[8116]
16055,[67]
16059,[10498]
16061,[360]
16064,[9471]
16068,[292]
16095,[386]
16101,[7865]
16111,[238]
16127,[2525]
16133,[4846]
16142,[109]
16160,[1086]
16164,[1221]
16166,"[145, 164]"
16167,[140]
16169,[130]
16177,[299]
16187,[102]
16195,[2246]
16196,[21]
16199,[2246]
16200,[18]
16203,[10581]
16215,[758]
16277,[253]
16279,[253]
16280,[193]
16313,[24]
16316,[1251]
16321,[535]
16324,[14]
16333,[545]
16334,[569]
16336,[20]
16340,"[1101, 352]"
16344,[130]
16345,[81]
16358,[160]
16361,[18]
16363,[296]
16364,"[1434, 10709, 10721]"
16368,[10738]
16373,[9825]
16374,[13]
16401,[169]
16412,"[185, 2064]"
16427,"[179, 1365]"
16432,[1288]
16447,[387]
16449,[127]
16454,"[75, 10110]"
16463,"[13, 2610]"
16468,[191]
16474,"[15, 588]"
16478,"[327, 2627]"
16491,[1237]
16493,[18]
16495,"[187, 103]"
16497,[26]
16503,[12209]
16524,[4585]
16532,"[543, 88]"
16559,[7587]
16562,[12136]
16563,[850]
16566,[9416]
16567,[195]
16574,[18]
16586,"[611, 73]"
16591,[10962]
16593,[179]
16595,[378]
16611,[74]
16614,[74]
16617,[18]
16624,[25]
16634,"[216, 181]"
16666,"[11629, 105, 13]"
16671,"[79, 309]"
16713,[3605]
16727,[1965]
16745,"[18, 13, 21]"
16746,[187]
16753,[44]
16763,[11098]
16767,[405]
16778,"[11119, 32, 1858]"
16807,[130]
16808,[4726]
16839,"[306, 823]"
16859,[24]
16860,"[191, 102]"
16861,[292]
16875,"[11200, 11204]"
16883,[11210]
16885,[181]
16892,[73]
16895,[797]
16897,[6213]
16902,[189]
16910,[500]
16915,[11259]
16923,[134]
16950,[386]
16956,[184]
16964,[86]
16972,[345]
16973,[18]
17008,[73]
17010,[229]
17011,[11334]
17045,"[47, 8853, 47]"
17054,[292]
17058,[3657]
17062,[3557]
17067,[757]
17084,"[74, 231]"
17096,"[5076, 7354]"
17102,[11375]
17106,[11379]
17120,[754]
17125,"[318, 7334]"
17132,"[4792, 185]"
17136,[6573]
17139,[81]
17153,[24]
17175,[5632]
17181,[292]
17185,[2796]
17186,[178]
17189,[102]
17192,[2246]
17203,[70]
17209,[130]
17211,[266]
17227,[575]
17228,[11450]
17238,[695]
17276,[191]
17279,"[3577, 210]"
17284,"[102, 103]"
17286,"[103, 102]"
17294,[758]
17296,[34]
17320,[2244]
17324,[4605]
17326,[347]
17330,[3652]
17332,[25]
17333,[11512]
17335,"[11530, 292, 3275, 11519]"
17336,"[299, 11506]"
17338,"[6229, 754, 11528]"
17363,"[11517, 1978, 11523]"
17367,[6566]
17370,[11507]
17386,[391]
17387,"[213, 33]"
17420,[191]
17424,[73]
17432,[2246]
17437,"[102, 352, 227]"
17450,[14]
17458,[44]
17470,[304]
17471,[24]
17472,[140]
17479,[385]
17482,[130]
17486,"[210, 13]"
17507,[11624]
17510,[15]
17511,"[1870, 625]"
17513,[210]
17515,"[625, 24]"
17516,[39]
17522,[167]
17523,[2458]
17529,[105]
17561,[849]
17568,"[25, 11688]"
17571,[735]
17577,[39]
17583,[18]
17613,[23]
17619,[81]
17634,"[33, 33]"
17648,[2208]
17661,[541]
17685,[296]
17702,"[567, 24]"
17712,"[541, 315, 781]"
17714,[2660]
17720,[159]
17723,[11957]
17725,[1753]
17752,[12094]
17783,[87]
17787,[512]
17819,"[18, 13]"
17823,[309]
17873,[275]
17887,[130]
17895,[7922]
17900,[935]
17901,"[130, 195]"
17904,[11798]
17927,[3547]
17932,[735]
17933,[73]
17934,[170]
17943,[352]
17953,[178]
17955,[61]
17956,[102]
17958,[368]
17960,[127]
17966,[127]
17970,[570]
17971,[12041]
17978,"[2836, 12053]"
17985,[299]
18004,[81]
18009,[134]
18010,[299]
18029,[836]
18030,[825]
18033,[854]
18035,[38]
18037,[13]
18038,[14]
18039,"[12095, 557, 1530, 3275]"
18040,"[14, 14]"
18041,[23]
18042,[14]
18049,[1530]
18055,[1530]
18059,[1530]
18067,[18]
18071,[47]
18077,[82]
18081,[611]
18082,[130]
18087,"[84, 81]"
18090,[130]
18094,[3589]
18117,[735]
18131,[105]
18135,"[376, 385]"
18154,[18]
18158,[16]
18161,[33]
18166,"[1107, 3586]"
18188,"[187, 47]"
18194,[44]
18198,[21]
18204,[187]
18205,[5]
18215,[735]
18229,"[47, 21, 21, 12232, 2525, 13]"
18230,[12222]
18232,"[20, 2525]"
18233,[12220]
18234,[21]
18241,[12218]
18242,[21]
18264,[737]
18267,[12267]
18268,[1352]
18269,[7642]
18270,[4209]
18282,[309]
18284,[105]
18288,"[352, 8612, 8614]"
18305,[1252]
18313,[73]
18318,[574]
18321,[719]
18330,"[144, 144, 83]"
18335,[130]
18340,[247]
18363,"[83, 130]"
18371,"[3775, 10270, 12418, 46, 12412]"
18374,[425]
18385,"[2215, 127]"
18391,[39]
18401,[299]
18408,[1557]
18424,"[79, 12457]"
18425,[701]
18453,[7]
18454,"[754, 11520]"
18481,"[481, 2217]"
18502,[194]
18503,[25]
18511,[507]
18513,[481]
18515,[79]
18524,[2824]
18527,[575]
18529,"[79, 73]"
18530,[376]
18539,[376]
18545,[378]
18557,[319]
18579,[1247]
18587,[13]
18599,[16]
18606,[39]
18627,[79]
18630,[1478]
18634,[275]
18636,[194]
18650,[18]
18653,[34]
18655,[84]
18660,[24]
18664,[10304]
18665,[210]
18708,[13]
18715,[15]
18719,[758]
18724,[22]
18736,"[3669, 565, 3654]"
18737,[25]
18740,[86]
