2,"[63, 6177]"
3,"[106, 102, 101]"
4,"[80, 1745, 154, 918, 183, 180]"
5,"[733, 232, 3430]"
6,[2911]
9,"[1874, 374, 517, 395, 391]"
10,"[416, 199]"
12,"[521, 12918, 2839, 785, 190, 4567, 1185, 10825, 497, 173, 759, 16, 159, 3616, 2941, 181, 2121, 3859, 2380, 691, 1044, 230, 506, 159, 4572, 8350, 1104, 278, 1179, 15566, 181, 1444, 9160, 2956, 520, 493, 547, 45, 88, 4262]"
13,"[55, 333, 67, 55, 89]"
14,"[9980, 552, 1892, 3455, 12921, 552, 17211, 1225, 3791, 10762, 10406, 550, 98, 14688, 7155, 7927, 10762, 1892, 10402, 1830, 1000]"
16,"[5591, 2303, 11571, 13361, 5726, 4769, 16671, 644, 16671]"
21,"[788, 801, 791, 801, 55, 800, 55, 800, 972, 788, 789, 794, 786, 798, 794, 523, 796, 787, 523, 462, 801, 289]"
23,"[152, 159, 861]"
25,"[5000, 292]"
26,"[173, 927, 927]"
27,[769]
29,[704]
31,"[1028, 880, 3441, 55, 1061, 3441, 55, 3441, 972, 72, 72, 1068, 4295, 1034, 72, 3441, 59, 1084, 1070, 1076, 289, 972, 1001, 1067, 3441, 1079]"
33,"[1109, 1141, 188]"
35,[1123]
37,"[1636, 8929]"
39,"[3184, 9263, 1250]"
40,"[5722, 11, 16972, 5581, 1312, 1403, 529, 10685, 9144, 16614, 173, 4318, 1075, 1297, 15298, 4056, 1308, 1256, 10629, 8149, 64]"
41,[14305]
43,"[2716, 3685, 7493, 6623, 15785, 2498, 7316, 859, 172, 13011, 65, 11146, 3200, 2677, 629, 154, 7469, 7140, 7680, 3460, 8178, 1398, 789, 1001, 15564, 2247, 48, 6910, 2670, 9990, 3706, 517, 4735, 14466, 18198, 84, 1130, 18040, 3470, 718, 16956, 1873, 9902, 2676, 898, 4025, 747, 10616, 17577, 3519, 3200, 1106, 2068, 8611, 17970, 1051, 6726, 14906, 3520, 2597, 3502, 3551, 5716, 4069, 9540, 377, 472, 475, 17470, 17286, 2130, 5217]"
46,"[288, 1037, 292]"
47,"[253, 1934, 333, 292, 498, 1450, 251, 1460, 344, 324, 1692, 966, 802, 1892, 1613, 65, 229, 1241, 1081, 511, 190, 65, 786, 2137, 1246, 797]"
48,"[1467, 1464]"
49,"[13590, 704, 301, 701, 209, 18606, 1400, 17685, 89, 1486, 2023, 11219, 701, 72, 331, 2609, 757, 11219, 8072, 8184, 288, 2083, 16321, 2220, 704, 1443, 701]"
51,"[707, 503]"
52,"[1539, 1539]"
55,[1631]
58,"[89, 292, 1597, 523, 7140, 290, 295, 461, 1453, 461, 10316, 1934, 681, 251, 89, 1242, 289]"
59,"[1703, 486, 190, 1131, 1701, 233, 36, 233, 233, 1104, 7]"
60,"[9336, 416]"
61,"[726, 2075, 389, 389, 71, 11416, 176, 1343, 2419, 1758, 1415, 615, 726, 71, 73, 3426, 418]"
62,"[70, 187, 190, 182, 81, 378, 378, 1799, 7821, 1784, 378, 72, 70, 1112, 1787, 1740, 154, 187, 172, 229, 198, 81, 959]"
63,"[2783, 470, 11933, 735, 253, 4165, 203, 432, 2973, 2899, 198, 846, 1883, 5844, 2780, 7054, 1264, 910, 1347]"
64,"[1844, 1821, 1821]"
65,"[1855, 1867]"
66,"[9253, 98, 1879, 997, 1894, 1122, 1898, 1886, 1887, 7076, 1895, 9253, 1883, 1891, 85, 1896, 51, 6884, 3768, 9322, 1902, 1887, 14846, 994, 2554, 91, 1880, 1881, 1899, 15601, 1879, 59, 1079, 98]"
69,[3666]
71,"[2011, 1999]"
73,"[91, 877, 877, 620, 533, 1013, 620, 1013, 2043, 2038, 157, 51, 8230, 56, 928, 2470, 187, 2606, 2043, 1502, 8910, 189]"
74,"[7109, 2044]"
78,"[7695, 7987, 2161, 2668, 2675, 2667, 2158, 11209, 1745, 5503, 744]"
79,[330]
82,[2263]
83,"[2305, 2328, 2320, 2334, 163]"
84,"[1360, 1803, 2351, 841, 1351, 2343, 2348, 857, 7]"
85,[234]
87,"[795, 67, 484, 332]"
90,"[9417, 2436, 2183, 2554, 5257, 4123, 5452, 1489, 16340, 857, 403, 967, 322, 8552, 15269, 7944, 13588, 389, 2453, 1889, 2443, 3583, 14509, 2436, 1418, 3201, 7248, 2422, 3877, 159]"
91,[3447]
92,"[89, 2497]"
96,[6070]
97,"[2582, 2577]"
99,"[72, 2601, 703]"
101,"[1670, 816, 209, 754, 1910, 816, 2214, 8, 1041, 227, 1672, 1814, 1910, 412, 1929, 540, 1122]"
102,"[434, 2641, 2628, 434, 3427, 2786, 750, 2628, 617, 202, 13448]"
103,[2651]
104,"[4087, 4828, 18579, 889, 979, 13939, 9713, 5082, 2637, 1044, 11763, 705, 4791, 300, 708, 1463, 7832, 3200, 13742, 2531, 510, 1048, 362, 1043, 716, 5092, 1398, 770, 4466, 12104, 362, 1041, 8398, 466, 1889, 230, 2662, 5780]"
108,[1260]
109,"[5010, 16432]"
110,"[289, 10967, 288]"
111,"[2812, 991, 2817, 850, 13010, 1203, 1191, 13950, 603, 801, 107, 432, 780]"
114,[163]
115,[2862]
117,"[1000, 2457, 18288, 717, 3313, 959, 2933, 6728, 182, 2031, 1464, 83, 18391, 7193, 3978, 180, 59, 6884, 3230, 5123, 1249, 1009, 7347, 627, 3070, 96, 5452, 10698, 722, 89, 3070]"
118,"[377, 1406]"
119,[924]
120,[544]
123,[210]
124,"[67, 2179, 500, 408, 8741, 88, 72, 378, 592]"
125,[227]
127,[952]
128,"[3103, 3103]"
133,[325]
135,"[1300, 2934, 3194]"
136,"[455, 1459, 3173, 525, 538, 3173, 328]"
137,"[525, 256]"
139,"[17479, 3243]"
140,"[207, 428, 3469, 428]"
142,"[3276, 3276]"
143,"[18408, 2047, 16333, 7845, 13590, 8857, 1121, 3426, 8806, 750, 5982, 2047, 2391]"
144,[289]
147,"[377, 701, 333, 289, 306]"
148,[3348]
149,"[1775, 16746, 230, 1116, 4229, 307, 182, 8768, 6544, 2179, 4260, 65, 97, 733, 1377, 6137, 256, 2983, 5923, 378, 326, 230, 488, 10075, 5359, 349, 159, 2440, 10685, 8221, 67, 2983, 65, 525, 5119, 1383, 1775]"
152,"[680, 154, 681, 420, 686, 1246, 3398, 1198, 321, 498, 523, 1246, 5475, 2544, 3397, 498, 458, 1246, 679]"
153,"[6576, 4692, 3406, 3720]"
155,[3438]
156,[51]
159,"[7501, 187, 7445, 4710, 241, 8595, 295, 1062, 173, 333, 2130, 2390, 4571, 262, 3948, 287, 7340, 2518, 310, 3992, 1936, 9907, 360, 107, 14634, 289, 295, 11222, 90, 4487, 4566, 296, 5684, 155, 66, 3948, 301, 1601, 287, 867, 291, 683, 683, 247, 265, 4572]"
161,"[3543, 3553, 6812]"
163,"[12688, 3603]"
164,[159]
168,"[5868, 3695, 3702, 629]"
170,"[726, 18205, 2165, 2383, 632, 1555, 4861, 2971, 4428, 812, 964, 7051, 3050, 6130, 842, 632]"
171,"[1504, 913, 6389, 1400, 419, 3733, 2582, 69, 3411, 1155, 3707, 3707, 88, 3767]"
172,"[485, 4303, 1394, 2821, 4303, 1409, 8586]"
173,[989]
174,[683]
177,"[3901, 917, 584, 4952, 3792, 3476, 978, 707, 944, 2624]"
178,"[821, 2964]"
182,[2047]
184,"[1990, 1098]"
185,[3911]
186,[1186]
187,"[4363, 1886, 874, 233]"
189,"[403, 498]"
190,"[4686, 3958, 289, 3949, 3967, 3176, 3960, 3977, 6944, 5000, 3951, 386, 1081, 3967, 3950, 11720, 3951, 3963, 3973, 3960, 3961, 360, 17486, 1081, 3975, 3962, 3960, 3965, 3950, 3981, 3948, 3976, 3954, 3973, 3978, 349, 3976, 3959, 1081, 1081, 3951, 1081, 7994, 3949, 3962, 4686, 3958]"
192,"[3999, 4005]"
193,[72]
196,"[1239, 298, 709, 220, 498, 1412, 154, 436, 424, 716, 1239, 227, 6790, 220, 1390, 6790, 1090, 982, 965, 1239, 9160]"
198,[512]
202,"[4157, 4155, 5317]"
203,"[4177, 816, 829, 816, 8348, 2379, 2850, 1044, 768]"
205,"[2154, 6414, 816, 4237, 850]"
208,"[4267, 4265, 4265]"
210,"[190, 193]"
214,"[2081, 67]"
215,[4355]
217,"[10402, 4396, 2281, 5295, 2415, 222, 15345, 918, 2271, 917, 14019, 4396, 4395, 1083, 1901, 2372, 8868, 4407, 2484]"
218,[234]
220,[4440]
224,"[3890, 100, 3436, 10444, 10794, 1083, 3988, 62, 99, 3299, 6064, 4795, 13892, 51, 9980, 1001, 5920, 1083, 2495, 6782, 599, 15601, 1015, 3011, 1504, 227, 10756, 6070, 9980, 6374, 8549, 2481, 2893, 1902, 3941, 2469, 2629, 15482, 5770, 9826, 4541, 1013, 17702, 9825, 5159, 2893, 6776, 12710, 13156, 98, 1079, 10115, 7144, 2343]"
225,"[8302, 1798, 1410, 36, 13431, 503, 5105, 2971, 5134, 510, 180, 425, 10765, 7419, 9504, 3184, 6268, 4290, 403, 4985, 757, 7679, 1974, 6837, 5066, 4013, 16493, 2755, 18135, 466, 2186, 4297, 1131, 4093, 4803, 13431, 488, 1185, 18135, 6435, 3616, 9970, 11004, 2619, 5969, 968, 4506, 4510, 4173, 3719, 923, 6802, 2166, 2211, 475, 1349, 7768, 3028, 4510, 4290, 6873]"
226,[288]
227,"[291, 2799, 2092, 305, 292, 305, 2094, 55, 2094, 292, 289, 306]"
228,"[863, 3131, 618, 7407, 219, 3258, 1947, 1983, 1167, 5296, 2640, 2279, 609, 159, 3280, 8130]"
229,"[1510, 1985, 248, 3428, 5079, 1181, 197, 852, 10870, 1098, 1572, 298, 4258, 1592, 4585, 1934, 4173, 3129, 1098, 1274, 3563, 715, 425, 2062, 18453, 2044]"
230,"[456, 4556, 4556]"
232,"[299, 308, 285, 2515, 299, 4566, 4566]"
234,[271]
235,[190]
236,"[5942, 4707, 1518, 1406, 1518, 1042, 9401, 15214, 7435, 670, 4574, 1412, 3373, 4616, 4814, 4710, 536, 525, 465, 331, 1412, 690, 14367, 4616, 5487, 14537, 5822, 2607, 1795, 355, 1376, 3866, 907, 8367, 1444, 12397, 6631, 423, 70, 6902, 88, 5042, 907, 981, 4252, 6346, 1980, 7448, 7137, 10987, 234, 3171, 546, 3878, 86, 6562, 215, 4767, 2179, 18335, 1376, 330, 300, 292, 9549, 229, 4582, 279, 7247, 491, 350, 2526, 12902, 1246]"
237,[429]
238,"[4633, 4627, 4627, 4631, 4631, 4627, 4625, 4627, 4630]"
240,"[253, 686, 1464, 461, 371, 288, 89, 466]"
241,"[503, 370, 841, 854, 1931]"
243,"[71, 3502, 962, 8069]"
248,"[2020, 338, 289, 464, 386, 464, 644, 4768, 2515]"
249,"[4728, 4772, 7634, 4747, 326, 377, 1185, 5310, 5969, 503]"
252,"[386, 1505, 323]"
253,[802]
255,"[6240, 748, 748, 4852]"
261,"[2186, 198, 691, 2186, 3029, 198, 4938]"
263,"[8743, 2130]"
264,"[2183, 18330, 9987, 6708, 601, 1006, 5524, 15258, 18038, 996, 7927, 1285, 14646, 5358, 4975, 5522, 7007, 1306, 9969, 15544, 1243, 4118, 900, 4600, 1332, 3156, 1243, 877, 1061, 3863, 9387, 13393, 5480, 5507, 2027, 1007, 3488, 1891, 5360, 1062, 100, 173, 13941, 13941, 9658, 11193, 722, 1795, 96, 2567, 991, 1460, 15532, 100, 5073, 3875, 1001, 1026, 8497, 7344, 5480, 1007, 1941, 2075, 1019, 1405, 151, 4991, 2571, 3171, 994, 8023, 18330, 9658, 5360, 2031, 5452]"
266,[1384]
267,"[289, 466, 209, 786, 289]"
270,[464]
273,"[5060, 7981, 5069, 5063, 5060, 1705, 5061]"
274,[9115]
278,"[293, 157, 289, 257, 289, 67]"
280,"[5147, 56]"
281,[917]
282,"[4782, 1110, 735, 717, 990, 7248, 5174, 868, 9647, 724, 735, 1122, 3470, 1803]"
283,"[1399, 1395, 613, 18234, 5197, 763, 3132, 81, 10172]"
288,[5240]
289,"[691, 816, 190]"
290,"[5255, 5255]"
295,"[1261, 1412, 917]"
296,[5367]
297,"[1090, 7904, 896, 1510, 7675, 858, 733, 9541, 12358, 1469, 3281, 13372, 4980, 1971, 618, 3205, 3333, 2137, 1764, 196, 10604, 216, 430, 10617, 3747, 222, 173, 442, 1159, 887, 1764, 1833, 3057, 898, 2137, 3068, 1390, 1097, 3905, 618, 15863, 5410, 5925, 1083, 416, 2531, 1150, 12918, 3475, 442, 12065, 12164, 4980, 7904, 1732, 7219, 5263, 12164, 227, 5547, 13576, 3333, 173, 3200, 4111, 2532]"
298,"[3747, 1201]"
299,[1609]
302,"[1114, 2787]"
306,[72]
307,[5500]
308,"[503, 2834]"
310,"[475, 292, 475]"
312,"[376, 393, 15325, 16164]"
313,"[1372, 2961, 1468]"
316,[1145]
317,"[707, 5242, 157, 511, 917, 868, 166, 5242, 12357, 3763, 1639, 2265, 2039, 562, 1412, 1103, 1249, 1837, 1249, 212]"
318,[701]
320,"[1489, 1277, 991, 6257, 1328, 1489, 11917, 2938, 4543, 697, 8309, 5306]"
321,[724]
325,"[5707, 10, 5698, 506]"
326,"[294, 455, 472, 455, 469, 333]"
328,[646]
329,[289]
331,[4492]
334,[225]
336,"[5803, 7021, 5803, 6949, 13434, 6252, 5805, 5804, 774, 154, 7021, 15362, 2681, 173]"
337,"[1524, 1524, 1524, 1524, 1524, 1524, 1524, 1524]"
340,"[13017, 868, 302]"
345,[7324]
346,[542]
347,"[377, 2956]"
349,"[4100, 5968, 2429, 328]"
350,[2548]
351,[1034]
352,"[11252, 680, 89]"
353,[5987]
354,[301]
355,"[488, 679]"
357,"[229, 612, 450, 5054, 6034, 14766, 432, 5924, 429, 15752, 10728, 6177, 6950, 5913, 1151, 1017, 2672, 99, 1098, 6038, 1048, 423, 420, 1062, 16468, 14774, 875, 7312, 180, 1745, 1151, 5785, 14666, 70, 6177, 703, 7880, 718, 51, 3702, 5111, 10122, 1943, 2139, 1883]"
358,"[2605, 163]"
359,[1015]
360,[6076]
361,"[484, 241]"
363,[6127]
364,"[10854, 11477, 137, 1110, 4079, 609, 7686, 613, 10613, 2842, 11898, 755, 232, 1772, 602, 8026, 11002, 1609, 2313, 4208, 1414, 5446, 52, 2893, 13474, 16177, 1755, 14069, 1098, 3747, 12723, 2269, 205, 1412, 5150, 734, 554, 10130]"
365,[6149]
366,[7484]
368,[622]
370,"[7140, 2614, 311, 718, 1397, 615, 1556, 2455, 328, 6249, 3589, 210, 3753, 1016, 7194, 72, 2018, 155, 511, 155, 903, 533, 86, 3863, 205, 197, 173, 1048, 1463, 903, 4487, 3863, 1424, 856, 856]"
371,[72]
372,"[7725, 7, 6250, 403, 519]"
376,"[917, 707]"
377,"[946, 821, 15]"
378,"[2558, 285, 1825, 285, 157, 157]"
380,"[318, 285, 325, 915, 289, 4883, 291, 6388, 320, 5463]"
386,"[2361, 959]"
387,"[1402, 2175, 6387, 907, 1935, 331, 2905, 14363, 913, 251, 230, 272, 6385, 2627, 3316, 301, 289, 6376, 4883, 251, 6376, 3707, 7326, 3317, 6380, 14300, 6375, 11077, 301, 3110, 6375, 2922, 15213, 312, 332, 903, 1841, 903, 329, 2922, 6389, 298, 295, 4566, 316, 735, 18425, 1936, 913, 2220, 467, 14300, 2905, 1641, 6375, 1613, 2220, 15547, 266, 287, 9913, 5048, 6374, 241, 317, 6377, 6385, 266, 67, 251, 332, 913, 279, 2346, 6375, 885, 14300, 316, 262, 241, 249, 4733, 279]"
388,"[330, 894, 267, 1249, 6394, 11974, 499, 3008, 10990, 955, 468, 425, 6453, 6388, 59, 777]"
390,[6427]
391,"[4242, 797, 6442, 6442]"
392,"[913, 1971, 1505, 288, 3739, 1807, 344, 172, 227, 1043, 1505, 2044, 1718, 324, 1189, 195, 3373, 528, 300, 902, 195, 11070, 484, 1505, 204, 227, 287, 292, 5532, 184, 289, 913, 301, 2899, 3097, 1189, 679]"
393,"[65, 13450]"
394,[6475]
395,"[447, 843, 1104, 7]"
396,"[1713, 1711, 2176, 1394, 18010, 2525, 6503, 6510, 69, 6498, 880, 6518, 1394, 6502, 2027, 2044, 6507, 6520, 302, 735, 1793, 1122, 72, 7616, 1061, 6512, 16860, 5609, 1842, 2458, 1475, 2842, 6764, 6507, 6499, 6516, 6507, 3875, 30, 30, 2027]"
400,[466]
402,[868]
403,"[461, 5670, 10684, 1066, 461, 5079, 6550, 289, 547]"
405,"[3974, 6543, 322, 1032, 4566, 4302, 12351, 638, 4814, 295, 2220, 8078, 1486, 350, 16495, 257, 17284, 262, 485]"
406,"[1178, 733, 86, 7051, 8421]"
408,"[210, 969, 228, 208, 2121, 2815, 6223, 1384, 234, 88, 424, 234, 6453]"
410,[6594]
411,[8162]
413,[67]
414,"[283, 3393, 283, 498, 333, 283, 498, 530]"
415,"[292, 1249, 292]"
416,"[6975, 4443, 15546]"
417,"[171, 292]"
418,[3057]
419,[6689]
421,"[241, 289, 333, 320, 306]"
423,"[1018, 13151, 6777, 100, 2629, 5452, 187, 6777, 10820, 6732, 1891]"
430,"[14712, 3675, 2562, 6791, 6783]"
431,"[4444, 65, 1531, 2361]"
433,"[1854, 6800, 3244, 1803, 12, 11817, 785, 1044, 6806, 923, 5117, 4272, 6812, 12, 503, 11817, 3244]"
436,"[1873, 4311, 533, 868, 2606, 2531, 18090]"
439,"[6620, 6892, 6896, 276, 2921, 475, 6892, 1402, 249, 1640, 6891, 2906, 6900, 3227, 1610, 6900, 314, 6888, 6899, 306, 6890, 278, 2252, 527, 248, 6620, 2913, 475, 475, 4598, 6898, 2910, 3357, 1613, 3673, 17284, 1402, 6895, 1402, 6891, 2931, 6619, 6620, 17927, 267, 707, 4598, 6905, 2913, 11076, 2236, 276, 6901, 2226, 11062, 2222, 6891, 1610, 6895, 360, 3227, 2923, 6893, 6885, 6631, 8179, 6905, 6629, 6888, 2921, 6885, 6891, 527, 6621, 267, 6887, 2913, 2931, 6895, 6888, 10055, 2226, 2904, 2909, 1640, 2927, 6887]"
440,"[6295, 11423, 6294, 1378]"
441,[4734]
443,[6948]
446,[1713]
447,"[5709, 7031, 15065, 15675, 7031, 418, 1099, 70, 920, 7821, 13861, 6762, 5800, 7031, 7024, 7012, 15252, 7010, 10380, 6152, 12334, 11900, 5325, 7012, 5325, 6582, 6762, 7031, 9146, 2471, 15671, 173, 7031, 18037, 3462, 15671, 9052, 11102, 6659, 3504, 3504, 7018, 18041, 6152, 5175, 14672, 15457, 7366, 16745]"
449,[7043]
450,"[2842, 1412, 855, 1412, 1412]"
454,"[1708, 1781, 7152, 18736, 18736, 10174, 6150, 1218, 3213, 9505, 6397, 18736, 17330, 1781, 2558, 10162, 66, 1700, 407, 4927, 5299, 592, 867, 2330, 8600, 4928]"
455,"[3562, 13754, 5653, 1270, 9, 2831, 9761, 6439, 10007, 32, 1119, 32, 4113, 2747, 4113, 512, 997, 978, 1098, 5715, 238, 190, 14285]"
456,[7084]
458,"[511, 67, 493]"
459,"[949, 4271, 2755, 7116, 15, 1339, 1339, 2755, 930, 1339, 2143, 1526, 4182, 820]"
460,"[7382, 12006, 12006]"
465,"[1510, 969]"
468,[889]
470,"[157, 288, 686, 790, 298, 1079, 290, 301, 295, 89, 344, 320, 686, 289, 790, 301, 913, 289, 701, 67, 180, 67, 289, 89, 301, 292, 89, 400, 325, 306, 295, 4915, 89, 1079, 89, 292, 1249, 288, 378, 292]"
474,"[7293, 70, 1942, 1401]"
475,[1151]
477,"[289, 289]"
480,"[6158, 3768, 93, 159, 1014, 612, 99, 5920, 1019, 852, 3292, 3941, 1413, 17571, 1902, 72, 5920, 5260]"
484,"[6245, 51]"
485,[7378]
486,"[157, 292]"
487,[333]
488,"[868, 1426, 10526, 2857, 154, 3635, 9699, 8115, 436, 6756, 190, 1090, 3475, 7414, 190, 11272, 9539, 4251, 166, 11916, 250, 51, 2469, 172, 12618, 3057, 418, 424, 172, 418]"
489,[707]
490,"[464, 539, 16427]"
491,"[1360, 843, 1372, 841, 841]"
492,"[8649, 15267, 599, 1643, 10767, 9296, 197, 425, 599, 292, 212, 230, 1098, 982, 225, 2632, 1150, 206, 4083, 6763, 8649, 206, 215, 14745, 3112, 7439, 2632, 4530, 1949, 205]"
493,[11132]
494,"[293, 292, 293, 4481, 4704, 693, 4481, 325, 16923, 325, 293]"
496,"[154, 173]"
499,[3110]
500,"[7465, 7465, 7465]"
503,[289]
507,"[5246, 1899, 720, 627, 7552, 8067, 9612, 18087, 7259, 4810, 197, 11970, 2629, 8184, 11901, 263, 15949, 3133, 1513, 9629, 12220, 72, 733, 858, 230, 3149, 5258, 857, 13417, 13815, 9614, 420, 10464, 1017, 220, 13813, 4796, 3110, 3382, 7548, 7541, 4779, 615]"
510,[680]
511,"[226, 964]"
513,"[1633, 445, 2823, 222, 3706, 223]"
515,"[4032, 159, 7662]"
516,"[1044, 481]"
517,"[7694, 2605, 11476, 7699, 1409, 7691, 17513, 6321]"
518,[7703]
519,"[917, 1339]"
520,"[72, 1713, 72]"
525,[371]
529,"[14954, 6959, 1372, 154, 7057, 7047, 1110, 2569, 928, 2838, 1369, 176, 2569, 7791, 4799, 2796, 4124, 176, 7047, 3470, 920, 585, 13276, 4799]"
530,"[6949, 7827, 4709, 5045, 3068, 3742, 703, 1106, 7826, 4024, 857, 238, 10383, 1390, 511, 18284, 14239, 725, 7823, 430, 445, 13173, 2541, 4402, 436, 12976, 2938, 12203, 7819, 234, 1390, 9285, 7828, 17486, 1537, 2121, 433, 416, 7452, 7781, 5416, 14204, 3156, 511, 618, 10612, 4153, 2271, 7812, 13009, 618, 3204, 13719, 11739, 548, 13066]"
531,[2020]
533,[2046]
534,[295]
535,"[311, 7101]"
539,"[7870, 85, 233]"
540,"[1061, 7876]"
541,"[11434, 982, 863, 683, 198, 614, 857, 9873, 12047, 4680, 5454, 1411, 7050, 12640, 226, 2894, 212, 5898, 868, 1504, 5844, 8262, 13588, 1813, 4369, 858, 436, 4373, 5434, 8810, 7912, 712, 186, 2637, 510, 1375, 1813, 4124, 15586, 599, 3475, 2638, 2898, 860, 990]"
544,"[6606, 16447, 1017, 11896, 10318, 1896, 831, 14937, 8864, 3731, 1504, 1099, 11215, 16401, 5229, 1517, 498, 3427, 599, 9338, 18154, 4622, 3407, 207, 707, 59, 451, 1073, 8504]"
545,"[3097, 2905, 1378, 1974, 1859, 311, 6567, 333, 312, 3079, 3464, 316, 463, 490, 190, 1059, 7290, 8047, 65, 5553, 3373, 8364, 1905, 292, 3367, 288, 538, 4179, 1444, 818, 1246, 907, 455, 321, 377, 5767, 496, 481, 1863, 294, 498, 489, 1089, 18529, 484, 13266, 230, 10865, 907, 311, 518, 468, 4177, 537, 293, 966, 3373, 4971]"
546,"[7903, 16495, 2430, 5534, 3308, 328, 2352, 51, 20, 7901, 3413, 5235, 13638, 265, 1523, 7530, 430, 12930, 959, 10585, 1491, 5239, 2576, 1455, 930, 1893, 4271, 6081, 6957, 7623, 222, 347]"
548,"[1254, 4266, 28, 1276, 2751, 7925, 1276, 8668, 2654]"
549,"[7927, 7932, 7932]"
551,[5746]
555,[18270]
556,"[65, 418]"
557,"[11520, 3558, 2075, 707, 871]"
558,[67]
559,[599]
560,[519]
561,[314]
562,"[1459, 8106, 360, 892, 344, 730]"
563,"[2842, 2865, 2175, 8111, 578]"
566,"[13397, 614, 1416]"
567,"[14932, 10616, 428, 10609, 2398, 3616, 1375, 8832, 222]"
570,[475]
571,"[523, 795, 320, 3186]"
574,[533]
575,"[63, 1121]"
576,[13434]
578,"[1674, 4562, 461, 1105, 344]"
579,"[8250, 8256]"
580,"[9966, 1551, 6771, 3193, 5426, 199]"
581,"[157, 293, 15236, 8286, 265, 972, 1130, 333, 293, 3501, 265, 157]"
582,"[3043, 1552, 13692, 1551, 5961, 3029, 2205, 8946]"
583,"[486, 519, 333, 486, 486, 519, 490, 230, 6249, 4781, 808]"
586,[8323]
590,"[355, 355, 355]"
592,[5983]
593,"[8370, 344]"
595,"[1710, 4342, 707, 1997, 937, 4342]"
596,"[877, 997, 877, 10633, 7343, 7343, 72, 533, 441, 8388, 612, 441, 533]"
601,"[81, 8429, 8445, 1491, 15338]"
604,"[891, 735, 198, 265, 730, 155, 2014, 525, 533, 798, 913, 293, 554, 1556, 525, 8497, 792, 296, 959, 360, 1601, 5257, 891, 525, 289, 16807]"
605,"[13624, 1873]"
606,[1824]
607,[8523]
608,"[8573, 96, 17238, 10653, 9435, 8570, 2937, 8743, 8314, 9423, 3070, 5767, 594, 18215, 8544, 9419, 6165, 12599, 2265, 3460, 8545, 5767, 16279, 4544, 10661, 6458, 8569, 8313, 5258, 1414, 534, 1244, 711, 8312, 8563, 1001, 9352, 11769, 5382, 9926, 10638, 15363, 3859, 9286]"
609,"[301, 154]"
611,"[1062, 1062]"
612,[4435]
614,"[8596, 182, 978, 500, 3753, 978, 3753]"
615,"[8597, 8597, 8597]"
616,"[4432, 1337, 204, 6127, 1179, 2746, 837, 493, 5845, 8386, 514, 726, 521, 954, 10954, 918, 6259, 182, 3946, 184, 8163, 2765, 47, 724, 2961, 952, 3758, 8351, 1360, 3660, 2970, 2970, 1873, 942, 826, 16095, 820]"
618,"[8607, 8607]"
622,[964]
624,"[1378, 584, 233]"
625,"[1958, 16358, 2535, 9766, 1485, 8871, 2139, 2534, 3700, 4387, 13054, 3767, 4387, 4118, 8673]"
631,"[8710, 706, 2344]"
633,"[1241, 1672]"
634,"[691, 691]"
637,"[8769, 8770]"
638,"[289, 289]"
641,"[5729, 16567, 5729, 8796]"
643,"[2531, 15645]"
644,"[5235, 3900, 65]"
645,"[4796, 13926, 7626, 18363, 11477, 612, 3741, 10638, 1726, 3749, 11136, 903, 1123, 14401]"
646,"[1456, 161, 8863, 289, 797, 1679, 458, 699, 8863, 332, 306, 475, 685, 466, 456, 1189, 4811, 13458]"
647,"[59, 5549, 1709, 4064, 616]"
649,"[808, 4608, 4971, 5673, 2794]"
650,"[709, 722, 1043]"
651,[3501]
654,"[8954, 511]"
656,"[1889, 601]"
657,"[10327, 1876, 4896]"
658,"[58, 5149, 328]"
659,"[16808, 467, 787, 3572, 55, 891, 5767, 289, 2376, 543, 456]"
660,"[3503, 3572, 670, 670, 5847, 9033, 10631, 9036, 1021, 674, 291, 1021]"
661,[9046]
662,"[238, 2546, 6231]"
664,[9127]
668,[705]
670,"[9163, 238, 1986, 3171, 9163, 1520, 903, 88, 1377, 4566]"
671,"[7061, 4866, 290, 458, 475, 11976, 7061, 458, 475]"
673,"[538, 3078]"
675,"[4563, 4563, 289, 289]"
676,[1357]
677,[2387]
679,[3948]
680,[325]
681,"[15662, 1868, 2847]"
682,[304]
683,"[998, 1897, 2937, 9254]"
685,"[198, 1958, 5914, 7188, 192, 614, 4535, 6048, 961, 5105, 4545, 923, 333, 278, 1412, 3, 2931, 226, 9541, 1261, 2347, 3686, 517, 2640, 227, 1372]"
686,"[4393, 1609, 1019, 1713, 11518, 72, 3988, 1019, 1001]"
690,"[261, 257]"
691,[292]
692,"[9300, 1469, 9286, 2523, 1242, 1686, 6777, 1465, 8552, 3426, 4068, 4180, 9297, 10114, 1073, 6076, 9292, 10114, 4915, 7935, 9288, 8552, 1464, 227, 1686, 1244, 10632, 285, 1464, 2523, 599, 9288, 1244, 157, 1879, 5254, 227, 9288, 1416, 9296, 3281, 1002, 3934, 3313, 15269, 10114, 9287, 5375, 9292, 4348, 10632, 9289, 9290, 8309, 9423, 9290, 4932, 1465, 1160, 1469, 51]"
693,[9310]
694,"[1794, 5258, 429, 172]"
697,"[5348, 517, 5028, 4049, 5347, 18318, 3868, 54, 1969, 4853, 10522, 54, 9357, 3289, 5502, 5700, 3885, 994, 1269, 7018, 1979, 17956, 14450, 5327, 5803, 5343, 15058, 3164, 18229, 1835, 1847, 7688, 9355, 7012, 8789, 9974, 11638, 174, 7021, 3164, 7883, 7015, 1835, 8068, 16474, 5059, 5052, 2676, 777, 3110, 10524, 64, 9357, 3164, 3515, 378, 52, 11526, 11534, 3858, 1399, 6581, 6980, 5700, 5491, 1970, 17045, 16474, 5347, 1945, 517, 1099, 15315, 5073, 14450, 11526]"
698,"[9363, 727, 1921, 6250, 1700, 241, 378]"
699,"[1556, 7343, 1230, 1520, 228, 8267, 3993, 6959, 871, 12318, 5550, 6539, 9435, 979, 1366, 5157, 7902, 10776, 4675, 6957, 2027, 1244, 2606, 1817, 857, 13320, 8288, 3201, 2343, 1360, 1415, 6541, 192, 1814, 592, 16340, 3469, 7056, 12352, 953, 5257, 12623, 1426, 2347, 707, 85, 2478, 592, 7100, 2031, 707, 12599]"
704,[300]
705,"[289, 544, 292, 9403]"
706,[841]
707,[1415]
709,"[8795, 3445, 9466, 2838, 5820]"
712,"[14067, 9477, 1376, 3461, 9484, 15420]"
714,"[4720, 7759, 6790, 222, 9141, 14523, 4732, 2783, 14712, 72, 12400, 159, 1508, 4720]"
715,"[9513, 1340, 5841, 13016, 3481, 824, 4690, 3820, 920, 1371]"
717,"[9518, 288]"
719,[1513]
720,"[562, 1416, 4162, 13276, 1122, 1360, 212]"
723,[701]
725,[3987]
727,"[9596, 9616, 9607]"
728,"[1652, 436, 4444, 226]"
731,[9651]
736,"[2226, 5254, 9680, 7759]"
737,"[3129, 5153, 1239, 806, 2493, 1116, 190, 206, 1985, 3273, 969, 1520, 10310, 785, 5440, 512, 6133, 1366, 5216, 917, 5079, 5153, 6618, 1369, 190, 3719, 222, 8347, 7329, 9416, 733, 7639, 1873, 497, 1151, 724]"
739,[9700]
742,[11223]
743,"[8283, 3063, 3117, 787, 3865, 1576, 3557, 3158, 4118, 489, 11084, 212, 1021, 9820, 13437, 1001, 367, 1576, 967, 89, 9896, 18524, 9734, 4686, 8264, 4817, 9735]"
744,[518]
745,"[6563, 9754]"
747,"[9936, 5338, 1552, 5065, 2277, 16595, 5109, 17203, 3040, 14448, 15493, 3032, 825, 4934, 3548, 2723, 15053, 2574, 3027, 3040, 8873, 9987, 464, 1674, 15431, 3673, 1021, 1557, 1096, 6008, 1563, 10784, 1180, 17634, 2723, 3902, 328, 3033, 2186, 330, 972, 14638, 433, 11985, 2192, 14269, 16363, 816, 8093, 13375, 548, 11475, 529, 809, 6757, 3817, 1550, 9771, 5536, 228, 2214, 493, 107, 4837, 811, 11396, 13431, 3548, 454, 2214, 1203, 2608, 1102, 4118, 16068, 6597]"
749,[461]
750,[982]
751,"[3461, 1186, 234, 234, 234, 6620, 9791, 4375, 2179]"
753,"[4351, 227, 9510, 12160, 2360, 3093, 7248, 2838, 1803, 6722, 192, 3426, 1261, 951, 12939, 1462, 265, 2454, 3473, 658, 360, 1249, 1369, 3576, 658, 7112, 5010, 706, 5015, 3748, 11916, 951, 1447, 157, 1809, 3303, 6292, 3063, 6319, 3096, 707, 918, 3748, 4165]"
756,"[8215, 1974, 14534, 6824, 10748, 9484, 1947, 1048, 203, 6544, 1384, 3436, 9631, 982, 6146, 9485]"
757,"[461, 466, 157, 157]"
758,"[182, 1470, 217]"
759,"[1941, 316, 511, 64, 316, 511, 1941, 3081, 1941, 292, 511, 191, 1519, 310, 227, 538]"
761,"[100, 3289, 861, 877, 1083, 1885, 51, 206, 1885, 1014, 8781, 17702, 999, 288, 1017, 1891, 99, 172, 51, 3285, 1890]"
763,[3247]
765,"[1520, 1946, 629, 13094, 5883, 271, 1396]"
770,[310]
771,"[267, 331, 267, 271, 245, 3317, 331]"
772,"[2780, 2362, 1541, 1527, 9920, 9919]"
776,[1645]
777,[889]
778,[3081]
779,"[1834, 1013, 2027, 10133, 1596, 10433, 9980, 12314, 12352, 5123, 67, 998, 51, 10133, 2855, 466, 328, 72, 3921, 3768, 1892, 1001, 6748, 377, 9969, 529, 3426, 1704, 2220]"
780,[229]
784,"[1947, 6188]"
785,"[1, 1771, 406, 340]"
791,"[1073, 863, 1486]"
792,[1186]
794,[215]
795,[8002]
798,[2769]
800,"[4165, 5824]"
801,[10128]
805,[9337]
807,[375]
809,"[1429, 1475]"
812,"[10300, 10299, 5067, 12693, 1475, 2075, 18539, 10299, 13528, 10436, 2426, 13590, 2944, 2151, 1550, 4326, 956, 835, 3236, 7054, 2210, 10311]"
813,"[154, 16374, 1787]"
814,"[209, 704, 182]"
815,[288]
821,"[8500, 229]"
822,"[1841, 1614]"
823,"[209, 814, 10410, 1145, 1650, 6391, 2843]"
824,[3466]
825,"[10415, 629, 10415, 618]"
827,"[10446, 10446]"
834,[5635]
835,[4460]
836,"[157, 257, 257]"
837,"[780, 14560, 3132, 1747, 15247, 4230, 52, 11200, 603, 756, 2673, 9672, 2673, 1752, 2145, 5844, 6756, 4853, 4865, 9355, 18587]"
841,[1180]
843,"[4194, 10573, 10567, 7329]"
847,"[6711, 12397, 3199]"
848,[546]
849,"[11178, 989, 11178]"
852,[906]
858,"[1401, 1401]"
859,"[605, 3503, 888, 253, 605, 72, 88, 67, 88, 72, 72, 2220, 295, 4705, 72, 4705]"
860,"[8930, 3783, 845, 751, 1737, 3476, 7921, 3809, 3792, 5689, 11615, 4790]"
862,"[901, 1098, 289, 58, 4704, 203, 526, 12625]"
871,"[2939, 5244, 5240]"
873,[295]
874,[10739]
876,[10743]
881,[10798]
884,[295]
885,[10822]
887,"[2972, 188, 10829]"
888,"[234, 727, 5713]"
891,"[10856, 509, 10856]"
893,[1713]
896,[238]
897,[152]
898,"[67, 292, 295, 55, 889, 295, 340, 889, 292]"
899,[1038]
900,"[5089, 5806]"
904,"[1979, 903, 512, 1347, 221, 2346, 1795, 867, 867, 693, 854, 65, 1032, 3468, 544, 8722, 220, 4918, 2346, 432, 301, 854, 915, 1601, 65]"
905,"[546, 525, 545, 546, 468, 1520, 288, 3200]"
906,"[3239, 5950, 481]"
908,"[10977, 10401]"
910,[4565]
911,[289]
912,"[924, 1360, 932, 2797, 176, 10303, 17175, 706]"
913,[207]
914,[10956]
916,"[89, 299, 11011, 479, 320, 1247, 681, 295, 2393, 342, 7398, 2984, 295, 325]"
917,"[487, 512]"
919,"[65, 8027, 237, 5926, 173, 11352, 3259, 222, 9672, 15236, 466, 173, 1379, 454, 3735, 1090, 8790, 858, 9742, 8027, 11265, 2121, 7190, 137, 222, 1745, 2210, 14599, 816, 1185, 3767, 362, 1965]"
920,"[1193, 816, 726, 726]"
921,"[14116, 425, 3011, 1103, 5048, 8945, 605, 14106, 11039, 425, 15122, 4805, 1874, 14106, 3437, 405, 7407, 9872, 512, 2196, 982, 1180, 9344, 14106, 6257, 234, 707, 4100, 15044, 405, 5785, 230, 3540, 1239, 11040, 1878, 3781, 16634]"
922,"[170, 13145, 237, 748, 3290, 159, 1463, 3884, 2668, 6177, 1983, 107, 2681, 3259, 744, 11051, 4230, 2149, 84, 533, 154, 5927, 6181, 8510, 15624, 2783, 6045, 3995, 6760, 3884, 13145, 3282, 2616, 52, 173, 4147, 2673, 3290, 6949, 3732, 418, 1801, 4113, 7644, 10518, 3763, 238, 778, 1824, 6137, 9974, 2668, 81, 621, 9892, 533, 54]"
924,"[4566, 157]"
926,"[1297, 17823, 4030, 1296, 1335, 16897, 6654, 11090, 6652, 44, 11087, 998, 8132, 37, 6649, 7520, 11103, 4727, 1314, 3411, 11117, 2691]"
927,"[1858, 2921, 198, 4779, 425, 9960, 2600, 2775, 324, 808, 11518, 432, 425, 8884, 805, 8350]"
931,"[826, 3221, 1364, 1549, 4946, 13846, 4273, 1249, 1423, 14889, 843, 3721, 947, 809, 706, 1286, 4266, 3728, 234, 732, 4265, 1563, 5795, 4497, 841, 709, 839, 3817, 1360, 1527, 1360, 4944]"
932,[10075]
933,"[211, 1976, 182, 4448]"
935,"[50, 11187, 2671, 2671, 11090, 5903, 37, 1333, 878, 5, 11190, 5581, 6237, 5670, 7493, 880, 1304]"
936,"[174, 2672, 11203, 2667, 11203, 5866, 616, 17819, 11205, 2695, 11203, 1943, 1745, 17819]"
938,[7756]
939,"[1868, 157, 1188, 486, 814, 806, 1541, 157, 14305, 839, 6013, 2544, 9716, 691, 683, 701, 9242, 18529, 5109, 832, 1171, 500, 493, 2379, 13213, 2189, 209, 294, 2198, 842, 230]"
940,"[599, 4742, 11230, 1412, 2614, 10080, 599, 203, 1384, 429, 11230, 733, 4742, 1416, 609, 154, 1732]"
941,"[1097, 191, 1097]"
942,[4467]
943,"[1400, 2845]"
946,[816]
948,[10515]
950,"[1366, 4165, 1261, 1346, 917, 10768, 3471, 10776, 5160, 917, 163, 5008, 5823]"
952,"[3371, 3070]"
954,[1062]
955,"[11346, 9734, 11348, 17279, 4348, 2339, 4919, 11342, 11347, 11346, 17279, 11344, 11347, 11341, 1826, 4348, 11337, 11341, 9734, 17276, 11347, 11346, 11349, 11342]"
961,[11413]
963,[1464]
964,[2653]
966,[1632]
968,"[533, 13042, 2139, 8703, 1504, 2792]"
969,[957]
972,"[1385, 418, 11484, 5799, 11476, 93, 11482, 11479, 5803, 621, 2811]"
976,"[234, 2343, 868, 706]"
977,"[715, 220]"
978,"[3779, 944]"
979,"[1131, 1905, 4883, 9470, 3556, 1104, 173, 537, 206, 3558, 2183, 599]"
980,[11530]
981,"[2422, 464, 6463, 2270, 5549]"
982,[11570]
985,"[300, 317, 6777, 316]"
991,[163]
993,"[11606, 17634, 11621, 11613, 11606]"
994,"[1148, 163, 11640, 11638, 6585, 12745, 11636, 1098, 1073, 15961, 157, 998, 3867, 733, 418, 9851, 11635, 6150, 239, 8689, 11637, 3067, 4649, 485, 6150]"
996,"[16839, 17132, 17367, 3505, 7592, 3505, 1756, 11659, 17978, 9456, 2331, 625, 3505, 12439, 17132, 14649, 6141, 7578, 13319]"
997,"[1118, 4779, 6389]"
998,[11693]
999,"[973, 1998]"
1001,[291]
1003,"[3576, 67, 2606, 601, 3954, 6737, 4351, 191, 2031, 11345, 1820, 4043, 6735, 971, 576]"
1004,"[8215, 2542, 14138, 11740, 4532, 13888, 612]"
1005,[9470]
1007,"[5123, 364, 2444, 1489, 683, 2347, 13450, 3275, 614, 2467, 2439, 8743, 605, 161, 718, 9366, 3584, 2979, 3070, 979, 5780, 2467, 11768, 2569, 2567, 2352, 8991, 1470, 257, 265, 9528, 3281, 11771, 531, 4371, 2468, 979, 8812, 10130, 3601, 2554, 475, 17437, 11774, 14318, 17332, 6722, 2571, 289, 3306, 3588, 2445, 463, 4542, 3303, 1015, 3589, 5434, 253, 2455, 11768]"
1008,"[1708, 1708, 3407, 1130]"
1012,"[10564, 230]"
1016,"[11811, 10610]"
1020,"[475, 1415, 707, 212, 333, 1513]"
1021,"[857, 171, 14685, 2346, 210, 5417, 88, 3279, 735, 7237, 228, 10843, 733, 190, 58, 3635, 711, 2347]"
1023,"[292, 292]"
1026,"[5079, 3729, 866, 2961, 519, 47, 5600, 2179, 1104, 5079]"
1029,"[3920, 11484, 981, 1639, 2606, 436, 8461, 221, 851, 1079, 1122, 318, 183, 3160, 7153, 715, 7239, 993, 2531, 3444, 6784, 9826, 3768, 1738, 238, 51, 1242, 900, 3201]"
1030,"[5688, 785, 828, 15841, 845, 3718, 706, 605, 7768, 5039, 3721, 3712, 1538, 1257, 8247, 3005, 1790, 5366]"
1032,"[227, 10394, 572, 863, 11921, 562, 8110, 584, 728, 583, 6541, 569, 3620, 3620, 6541, 8122, 569, 583, 3776, 2894, 9521]"
1035,"[11892, 11892, 11892]"
1038,"[72, 6714, 72, 1172, 3918, 1718, 15682, 6940, 6150, 1232, 51, 4974, 1132, 1079, 1885, 994, 3768, 3473, 7927, 8555, 1882, 1897, 2569, 5170]"
1039,[3317]
1040,"[2363, 2364, 1923]"
1041,[461]
1042,"[701, 329, 329]"
1044,[10812]
1049,"[53, 1534, 441, 441, 173, 173, 1376, 441, 441, 190, 1376, 854, 429]"
1050,"[863, 154, 1957]"
1052,"[1376, 4384, 12008, 863, 1151]"
1054,[2136]
1055,[371]
1056,"[1430, 2548, 1452, 1430]"
1057,[792]
1058,"[1045, 3377]"
1060,"[5966, 2572, 4074, 217, 6159, 2083, 81, 14942, 2292, 613, 12046, 226, 1110, 331, 152, 11515, 964, 12362, 1116, 1237, 1958, 190, 3258, 3258, 2574, 288]"
1061,"[12056, 9840]"
1062,"[1957, 81]"
1064,"[707, 945, 707, 12081, 1468, 1425, 2861, 917, 2463, 735, 2861, 724, 4361, 2856, 930, 489, 707, 1131]"
1067,"[59, 59]"
1073,"[610, 3004, 3012, 578, 12116, 12116, 12124, 12115, 3004]"
1074,"[441, 72, 1534, 3441, 59, 2531, 867, 193]"
1076,"[4984, 12139, 7352, 4984]"
1079,"[803, 3576, 7679, 16449, 4058, 1389, 1046, 536, 7117]"
1080,"[681, 1428]"
1081,[1515]
1082,"[3293, 2083, 13724, 12185, 1919, 16167, 2614, 618, 3057, 88, 2632, 2083, 9877, 1919, 1919, 7744, 7904, 9485, 12130]"
1086,"[2639, 15476, 3311, 2437, 2792, 3117, 2627, 1878, 2027, 1001, 718, 2630, 1427, 18340, 1015, 1227, 212, 1377, 15817, 734, 857, 3938]"
1087,[12218]
1088,"[1041, 1041, 4823, 980, 2847, 3398, 980, 3931, 230, 230, 498]"
1089,[33]
1090,[12231]
1091,"[2661, 9187, 2661, 9187]"
1092,"[2086, 2102, 296, 2102, 3490, 2086]"
1093,"[1348, 176]"
1094,[15172]
1097,"[10844, 2535, 16727, 4561, 526]"
1098,[7821]
1100,"[1119, 4783, 4666, 4648, 13633, 721]"
1103,"[9869, 1300, 1892, 7874, 7640, 2605, 311, 1067, 15791, 2783, 7643, 3289, 981, 64, 1294, 1314, 18, 378, 1787, 18131, 12348, 1399, 209, 576, 8582, 1332, 7343, 2531]"
1104,"[1098, 55, 67, 6376, 6722, 6376, 1834]"
1106,[12356]
1108,"[12358, 6910, 10231, 5434, 15308, 12358, 3116, 6330, 3861, 12361]"
1110,"[188, 2002]"
1112,"[8214, 2273, 9649, 3788, 11978, 9260, 11625]"
1114,[533]
1115,[12400]
1118,"[190, 1861]"
1120,"[55, 285]"
1121,[12461]
1124,"[3176, 4575, 477, 686, 14570]"
1128,"[298, 333, 6456, 288, 298, 546, 289, 528, 693, 528]"
1130,"[12547, 12547]"
1134,"[12566, 12566]"
1135,[89]
1137,"[349, 3878, 67, 310, 3316]"
1139,[289]
1144,[14429]
1150,"[2456, 3178, 3777, 915, 465, 2858, 1459]"
1151,[4375]
1152,"[11234, 11483, 2828, 12706, 5912, 11264, 753, 1743, 14943, 12717, 599, 753]"
1156,"[229, 6761, 14848, 9666, 11267, 14860, 15456, 17387, 621, 12762, 632, 11267]"
1160,"[4828, 2430, 1180]"
1161,"[8396, 3379, 10807, 12807, 10807, 12798]"
1164,"[16559, 4494, 1709]"
1167,[12878]
1171,"[889, 8834, 15737, 1012, 166, 67, 2124, 3948, 12924, 9170, 157, 7098, 377, 2047, 227, 72, 475, 16860, 157, 18557, 1452, 227, 17084, 14369, 2247]"
1172,"[1729, 955, 4705, 1123, 6, 1349, 10224, 16313, 8844, 3730, 2975]"
1174,[1803]
1176,"[1195, 779, 779]"
1177,"[4361, 12034, 9282, 1867, 3928, 9282, 4170, 3927, 4747, 4750, 12950, 9187, 12034, 4761, 4170, 12951, 11217, 7754, 9282, 1867, 18269]"
1182,"[6759, 769, 4036, 16753]"
1183,"[815, 4839, 4434, 1406, 1044, 10784, 412, 5640]"
1185,"[7781, 55, 2544, 298, 12994, 14474]"
1186,"[961, 279]"
1187,[13001]
1188,[3200]
1190,"[14745, 689, 1510, 1075]"
1191,"[3145, 562, 1580, 1305, 3230, 1099, 14752, 253, 14766, 951, 7693, 728, 15783, 1007, 7883, 14766, 3133, 9766, 529, 18650, 8111, 57, 1156, 18282, 603, 2500, 440, 1396, 4587, 3145, 1958, 6177, 5178, 190, 1394, 10663, 13730, 5423, 1099, 17008, 1944, 5452, 3057, 10698, 3147, 6160, 1397, 59, 1415, 4118]"
1192,[51]
1194,[1787]
1195,[6335]
1196,[234]
1198,"[386, 300, 325, 89, 1400, 2092, 466, 544, 1090]"
1200,[6724]
1202,"[8140, 601, 3109, 851, 51, 2183, 3413, 5503, 546, 6073, 7286, 601, 511, 2375, 12338, 441, 4978, 1413, 1729, 857, 631, 9141, 187, 18082, 1079, 3289, 4113, 876, 17901, 7473, 6698, 2571, 4058, 2558, 2633, 1414, 2531, 511, 434, 15544, 70, 9324, 1827, 2531, 1827, 6714, 1794, 601, 1884, 9321, 225, 4495, 1700, 2562, 1253, 10625, 1534, 2407, 627, 229, 192, 14052, 627, 1013, 734, 7821, 6742, 59, 9322, 7138, 159, 2552, 6160, 4447, 15690, 13416, 4444, 70, 99, 993, 959]"
1205,"[13100, 13100, 13100, 13100, 13100]"
1206,"[13106, 13106, 13106]"
1209,"[3436, 14329, 986, 183, 245, 701, 2648, 999, 13012, 3466, 6586, 3302, 3448, 998, 10626, 3201, 12994, 11397, 15249, 10129, 15611, 11602, 987, 15611, 7880, 5260, 562, 1414, 7347, 13159]"
1210,"[1895, 1415, 1014, 192, 192, 429, 6714, 1089, 985, 1534, 155, 1958, 10626, 14712, 2361, 190, 1072, 190, 155, 707, 2006, 96, 2346, 917]"
1212,"[65, 707]"
1213,"[3988, 13182, 13192, 3988, 1151, 16611, 13198]"
1214,"[1672, 13214, 2347, 1044, 2380]"
1215,"[15533, 3993, 3763, 908, 2639, 903, 1772, 2544, 3748, 8371, 12070, 3488, 288, 2639, 962, 293, 491, 11085, 360, 5249]"
1217,[1389]
1222,"[913, 300, 5767, 14241, 288, 352, 325, 157]"
1223,"[569, 10134, 18363, 2783, 96, 4545, 12599, 17209, 9685, 11917, 13268, 13268, 15637, 72, 15544, 10766, 11729, 1424, 5288, 11598, 7525, 16336, 10068, 2630, 1898, 1898, 894, 6915, 1019, 193, 173, 229, 735, 9310, 11919, 6742, 4999, 572, 10766]"
1224,[5660]
1228,"[9438, 6830, 757, 440, 6855]"
1230,"[8234, 2127, 1743, 1790, 8432, 13318, 1639, 5442, 14005, 13312, 18042]"
1231,"[14193, 5521, 5175, 1425, 11193]"
1232,[1083]
1233,"[535, 11139, 13353, 375, 289, 2523, 4153, 1832, 55]"
1234,"[3501, 77, 12925, 2521, 7759, 1001, 3918, 1571]"
1235,"[233, 72]"
1237,"[907, 2265]"
1239,[1418]
1240,"[7380, 11802]"
1242,[4675]
1243,"[159, 173, 860, 614, 1239, 1118, 1145, 173, 9346]"
1244,"[715, 13426]"
1245,"[229, 1197, 1517, 1105, 4385, 3082, 1197, 4262, 493, 225, 1151]"
1246,[660]
1249,"[2708, 892, 6957, 15642, 16574, 1531, 11132, 10848, 928, 10520, 9791, 344, 12505, 2407, 16861, 11770, 9962, 4522, 13008, 2473, 1097, 3789, 1073, 12307, 864, 11, 5645, 16454, 7577, 1611, 4998, 3505, 5415, 3846, 9560, 16101, 17437, 2795, 1786, 2911, 3186, 176, 11768, 2914, 3439, 10753, 13008, 1052, 12083, 227, 304, 16634, 9589, 5850, 10464, 3458, 7603, 8803, 510, 3789, 2442, 1002, 15457, 7588, 5353, 8121, 12470, 4848, 9609, 7591, 4807, 15920, 1203, 1256, 173, 1870, 230, 7800, 9595, 1975, 3147, 7588, 14031, 54, 701, 7934, 8803, 13452, 7359, 344, 615, 9608]"
1253,"[289, 295, 2080, 204, 2080, 498, 292, 204, 349]"
1254,"[13500, 13508]"
1258,"[4129, 1807, 1013, 166, 867]"
1259,[6194]
1261,[8155]
1262,[378]
1265,[13556]
1267,"[2746, 537, 1046, 4848, 163, 1043, 4845, 12092, 498, 920, 9855, 163, 1041, 486, 1672, 65, 5772, 1041, 1513]"
1271,"[1415, 910, 3458, 8837, 8936, 10130, 212, 575, 13589, 9647, 1242, 13598, 562]"
1273,"[225, 1098]"
1275,"[450, 59, 13434, 63, 7074, 173, 991, 253, 228, 3156, 72, 985, 71, 72, 2742, 13609, 3119, 166, 1813, 3106, 433, 4784, 450, 877]"
1277,"[618, 359, 6792, 4468, 342, 222, 65, 536, 3097, 472, 4468, 5217, 1377, 8710, 424, 536, 6792, 10625, 7898, 439, 3427, 2983, 4488, 227, 924, 2082, 3258, 7321]"
1278,"[330, 5988, 466, 8768, 7268, 466, 528, 1975, 10987, 288, 7268, 2990]"
1279,"[1736, 1418]"
1281,"[13637, 13637]"
1282,[10963]
1283,"[3400, 10677, 498, 3497, 12573, 1692, 2053, 318, 229, 1684, 360, 4292, 344, 311, 680, 360, 1449, 294, 13063, 1505, 908, 3316, 701, 326, 9654, 951, 546, 3982, 1470, 701, 326]"
1284,[8232]
1286,"[13667, 1151, 12025, 12025, 1130]"
1287,"[518, 10894, 6257, 1259]"
1288,[13687]
1290,"[13710, 13710, 13710]"
1291,[332]
1293,[1201]
1294,"[1461, 291]"
1295,"[207, 207]"
1298,"[1613, 15922]"
1299,[8363]
1300,"[289, 409, 289, 2102]"
1301,[2021]
1304,"[646, 4811, 4811, 2020, 1458, 1458]"
1309,"[977, 2280, 13754, 6824, 15159, 18627, 59, 4058]"
1310,[13756]
1311,[301]
1313,[2151]
1315,[2144]
1316,"[906, 67, 1242, 2627, 1491, 2023, 229, 498, 2269, 291, 13830, 8649, 355, 412, 9699, 8122, 10653, 11769, 412, 4541, 874, 10628, 1150, 1846, 6256, 13575, 11412, 265, 615, 9598, 3117, 10524, 227, 333, 229, 6454]"
1319,"[8054, 1055, 154, 209, 716, 2661, 190, 534, 704, 1520]"
1322,[1216]
1323,"[498, 4173, 412]"
1324,"[10676, 949, 3417]"
1327,"[6073, 599, 993, 2469, 18288, 51, 993, 1000, 6399, 51, 1889, 1892, 2469, 2469, 5260, 18288, 3466, 1249, 6399, 1343, 1889]"
1329,[154]
1331,[13942]
1334,[923]
1335,"[744, 1745, 13947, 7494, 744, 10738, 13947, 603, 13954, 13947]"
1336,"[1083, 159, 163]"
1337,"[1062, 3204, 3205, 298, 3747, 1505]"
1339,[229]
1340,"[2637, 5638]"
1342,"[206, 6176, 11049, 1633, 1372, 1715, 730, 1150, 8699, 1772, 903, 3405, 4623, 9456, 219, 3411, 370, 66, 4538, 13621, 732, 4460, 2789, 7800, 10516, 748, 748, 1468, 1263, 11895, 7810, 726, 1388, 11811, 250, 1384, 1249, 13309, 412, 707]"
1343,"[3279, 1114, 9468, 187, 854, 854, 72]"
1345,"[13999, 13999, 13999]"
1346,"[1043, 3399, 14012, 691, 1854, 1455, 4747, 10316, 2978, 6770, 816]"
1347,"[14014, 14029, 14014, 14014, 14014]"
1348,[2454]
1349,"[1246, 735, 2533, 1246, 1244, 418, 237, 978, 538, 1700, 418, 377, 9289, 237, 6187, 1090, 154, 1700, 1246]"
1350,"[190, 942, 190, 951]"
1351,"[157, 1680, 4582, 2549]"
1352,"[4118, 5027, 4118, 14058, 14057, 14057, 14057, 14057]"
1353,[4608]
1355,"[190, 1510, 6853, 1991, 4444]"
1357,"[14071, 14071, 14071, 14071]"
1358,"[1521, 506, 815, 917, 1131, 506]"
1362,"[503, 5636]"
1363,"[518, 955, 405, 209, 3184]"
1364,"[12123, 14123, 6957, 613, 14123, 2873, 2864, 200, 14123, 9521, 11923, 8821, 13606, 14123, 2895, 14132, 8126]"
1366,"[546, 229]"
1367,[14736]
1369,[344]
1372,"[3730, 12565]"
1373,[14185]
1374,"[2582, 1200]"
1375,"[2575, 9716]"
1376,[1196]
1377,[1179]
1380,"[472, 196, 1206, 1154, 8479, 3739, 207, 499, 176, 333, 2463, 924, 6249, 5065, 226, 424, 716, 512, 196, 932, 453, 159, 536, 1185, 3275, 3889, 854, 1206, 7943, 1110, 982, 1985, 2567, 855, 944, 6959, 1689, 959, 412, 856, 229, 486, 1110, 1375, 708, 7760, 810, 1513, 498, 1812, 2206, 868, 939, 2214, 966, 8042, 355, 830, 229, 6247, 534, 823, 724, 712, 300, 5123, 366, 500, 860, 3097, 3236, 6724, 65, 979, 198, 754, 193, 234, 1145, 182, 5123, 2835, 3333, 4432, 7, 207, 191, 1672, 982, 515, 210, 8916, 207, 17482, 498, 1200, 16859, 221, 1247, 221, 226]"
1387,"[2143, 11155, 4117, 4117, 1384]"
1389,"[5237, 429, 227, 3905, 7927, 971]"
1393,[7078]
1394,"[292, 1400, 292, 167, 167]"
1395,"[154, 211, 1099]"
1396,"[855, 917, 1344]"
1401,[349]
1402,"[863, 163, 1806]"
1404,[238]
1405,"[1949, 622, 1958]"
1408,"[6493, 11120, 13136, 826, 14374, 2471, 815]"
1410,"[344, 344]"
1414,[1116]
1418,[333]
1419,"[14450, 533]"
1421,"[229, 431, 5785, 8830]"
1423,"[3080, 67, 486, 2226, 456, 12561, 65, 468, 7290, 3075, 5228, 903]"
1424,[2850]
1426,"[590, 16280, 14494, 7681, 16277, 14492, 14502, 1694, 730, 2999, 14500]"
1427,"[1746, 9353, 5156, 37]"
1428,"[932, 562]"
1430,"[498, 6298, 1866]"
1431,"[261, 1760, 1760]"
1432,"[81, 190, 159, 72, 1824, 159, 72]"
1433,"[14530, 2391, 13154, 14529, 7058, 3200, 12038, 6862, 15614, 15614, 2183, 3427, 13558, 15335, 961, 11268, 6459, 11268, 1643, 6297, 3749, 8140, 9751, 1460, 540, 2571, 7197, 504, 9751, 5474, 11230, 14525, 8789, 4258, 530]"
1434,[292]
1435,"[14546, 14542]"
1437,"[288, 10827, 295, 300, 89, 4561, 4716]"
1438,"[81, 81, 3157]"
1440,"[4716, 11764, 2082, 15167, 3385, 3376, 2047, 1763, 2184, 1755, 6715, 1767, 3385, 166, 7094, 2986, 463]"
1442,[8664]
1443,"[14584, 14584]"
1444,"[12792, 12792]"
1445,"[294, 14594, 289, 2102, 2548, 14594, 1906, 1906, 14591]"
1447,[300]
1450,"[3373, 14622, 3721, 1045, 1674]"
1452,"[1609, 681, 1034]"
1453,[354]
1454,"[1707, 1155, 4317, 153, 546, 1005, 1018, 1001, 1895, 715, 441, 993, 75, 159, 997, 877, 4130, 75, 187, 1073, 6852, 1090, 5254, 11794, 229, 1151, 72, 1001]"
1455,"[67, 536, 294, 10987, 295, 5041, 289, 377, 5683, 288, 89, 1379, 89, 523, 220, 681]"
1456,[14633]
1458,"[486, 3575, 292]"
1461,"[157, 687, 5678, 300, 466, 3373, 1246, 471, 1246]"
1462,"[2091, 16566]"
1463,"[11352, 14665, 14744, 2037, 11200, 3702, 14684, 8678, 13659, 10391, 15799, 8701, 13162, 4728, 14780, 11352, 8702, 9498, 6423, 14668]"
1465,"[2433, 1401, 4737, 500, 4439, 4724, 1878, 484, 4487, 16064]"
1466,"[3497, 680, 340, 293, 289, 681, 2220, 55, 1580, 1604, 13736, 325, 543, 1692, 800, 906, 2544, 13063, 3497, 5988, 288, 322]"
1469,[706]
1470,"[9713, 3386, 11763, 2083, 232, 2632]"
1471,[289]
1472,[2446]
1473,"[547, 56]"
1476,"[1047, 504]"
1478,"[542, 1458, 325, 306, 325]"
1479,"[2621, 4938, 10036, 2723, 2204, 1557, 1186, 813, 1191, 1550]"
1480,"[1381, 475]"
1481,"[1090, 6363, 7178, 9888, 2524, 6140]"
1483,"[524, 6253]"
1485,[3057]
1486,"[969, 234, 6726, 1003, 5926, 997, 1107, 6453, 4609, 3398, 429]"
1490,[472]
1491,"[425, 1075]"
1492,"[2521, 5038, 362, 4768]"
1493,[779]
1495,"[14931, 14931, 14931, 14931]"
1497,"[5297, 1219, 4675, 11886, 14956, 2370, 14971, 1110, 7802]"
1499,[2902]
1500,[389]
1503,"[233, 1394]"
1508,[190]
1511,[498]
1513,[4802]
1514,"[2469, 1425]"
1516,"[340, 229, 1451, 1572, 4297]"
1517,"[326, 4619]"
1520,"[418, 173, 533]"
1522,"[5310, 1406, 966, 1351, 1974, 735, 1246, 6693, 228, 1814, 2343, 2600, 191, 229, 324, 51, 1244, 1974, 4387, 1515]"
1525,"[10317, 310, 1453]"
1527,"[7178, 419, 2614, 4179, 10327, 17619]"
1528,[2548]
1532,[972]
1533,[8991]
1535,"[15451, 4255, 190, 227, 7935, 15220, 525, 4250, 3327, 7897, 190, 16142, 1390, 461, 3763, 1502, 471, 6554, 4706, 1242, 7935, 5785, 310, 291, 154, 230, 333]"
1541,[4720]
1543,"[936, 15251, 15252, 15250, 15251, 15250, 917]"
1544,[172]
1545,"[5113, 383, 840, 5306, 1098, 5745, 5421, 1814, 441, 1231, 439, 1, 1534, 3763]"
1547,"[1516, 592, 5429, 418, 12787, 494, 2427, 1656, 5185, 1384, 1988, 1470, 3900, 54, 14922, 680, 159, 4385, 4948, 5972, 229, 9953, 16373, 18374, 1727, 3193, 1858, 182, 2425, 6600, 6602]"
1553,"[8264, 15299, 504, 292, 10462, 377, 292, 378, 2432, 8264, 1463, 8264, 1246, 15292, 14645, 455, 14645, 15298, 228, 972, 12581]"
1557,"[7382, 6045, 11208, 11200, 80, 3169, 9766, 17296, 763, 216, 15800, 440, 7485, 8068, 418]"
1560,"[340, 306, 3231, 3317]"
1562,[15329]
1563,"[13669, 89, 14520]"
1565,[418]
1566,[1090]
1567,"[479, 5487, 688]"
1570,"[234, 2277, 2277, 430, 15371, 4704, 333, 430, 2277]"
1572,"[1673, 5778, 3397, 465, 299, 292]"
1573,"[1764, 487, 6374, 18087, 5934, 11819, 11950, 220, 3749, 6374]"
1576,[2044]
1579,"[1520, 5925, 233, 1977, 4260, 1424, 3279, 4459, 3200, 434, 217, 207, 3339, 1246, 4742, 6453, 3205, 1520, 439, 10619, 13570, 9230, 2535, 227]"
1580,[1684]
1582,"[827, 4434, 7625, 15430, 4262, 15436, 4189, 2840, 4191, 4621, 13523, 15436, 3373, 13523]"
1584,"[4382, 403, 540, 466, 9977, 8674, 1197, 6558, 536, 533, 1183, 1650]"
1585,"[8042, 1244, 11065, 966, 3427, 333, 279, 16586, 966, 167, 3466, 9467, 80, 7193, 3921, 166, 1795, 3316, 253, 7151, 159, 2500, 986, 2347, 1013, 3978, 8789, 1820, 1116, 6714, 959, 9366, 16586, 993, 1388, 1660]"
1586,"[917, 917]"
1587,[223]
1588,"[356, 2467]"
1592,"[707, 2794, 706]"
1594,[10969]
1596,"[1372, 706, 1249, 2346]"
1599,[805]
1600,[2018]
1601,"[441, 16593]"
1604,"[1583, 807, 1379, 4876, 1571, 1534, 812, 5475, 1571, 173, 15533, 1300, 9999, 1583, 4949]"
1605,"[2018, 701, 5536, 548, 545, 1463, 8067, 301, 532]"
1606,[355]
1613,[1401]
1616,"[292, 14516, 292, 1464, 972, 292, 265]"
1617,"[1811, 13599, 1811, 1220, 10891]"
1618,"[85, 11638, 1897, 1061, 82]"
1619,[504]
1621,"[4871, 31]"
1622,"[16454, 15307, 2696, 3011, 13327, 2929, 718]"
1623,"[751, 190, 633, 6570, 1996, 190, 10196, 3719, 188, 6254, 215, 1764, 3405, 5416, 203, 3386, 14740, 183, 444, 14877, 2001, 12548, 4970, 8383, 7707, 6724, 7056, 1281, 202, 9699, 10895, 1835, 1118, 2855, 11272, 1009, 15688, 7140, 7419, 438, 2370, 755, 16950, 5447, 2369, 6134, 2769, 14579, 7914, 4613, 7914, 1345, 10196, 4179, 939, 6752, 7644, 1143, 154, 15842, 186, 2594, 9453, 6185, 2787, 610, 7603, 2948, 2277, 2375, 18077, 8247, 13847, 3074, 16839, 7006, 3264, 2855, 7419, 3778, 12363]"
1624,"[2270, 6215, 12759, 9874]"
1625,"[8823, 6762, 9356, 12867, 5358, 238, 16324, 727, 52, 63, 73, 8758, 2571, 1832, 11139, 16478, 18039, 15679, 192, 603, 5492, 268, 18040, 221, 4993, 18094, 16316, 6762]"
1626,"[15687, 15687]"
1629,"[1132, 592, 8853, 15707, 14746, 4126]"
1630,"[12885, 2405, 601, 238, 12000, 416, 15728]"
1632,[15738]
1633,[2083]
1634,[15748]
1635,[1131]
1636,"[437, 58, 546]"
1637,"[3057, 614, 216, 2124, 2487, 851, 195, 965, 15651, 15752, 3258, 8592, 154, 211, 4079, 440]"
1639,"[918, 17326, 1372, 1339, 3470]"
1640,"[917, 14061]"
1642,"[5583, 15799, 4728]"
1643,"[1414, 95]"
1644,[15813]
1647,"[486, 5746]"
1650,"[703, 4821, 59, 230, 380, 450, 162, 2033, 2029, 18385, 2034, 18385, 1520, 7374, 757, 2579, 1504]"
1652,"[3568, 349]"
1654,[4324]
1655,[506]
1656,[203]
1661,"[691, 366, 229, 533, 316, 1502, 1988, 291, 1106, 1905, 18515, 1198, 1470, 228, 7649, 8589, 2121, 1047, 305, 298, 1198, 7649, 229, 464, 8589, 2788, 1486, 1244, 288, 533, 2977, 1502, 3373, 333, 2977, 2788, 1090]"
1662,"[12893, 617, 15457, 15919, 15919, 1828, 683, 3861, 12904, 15919, 15919, 9433, 271, 617, 617, 67]"
1664,"[11224, 174, 2618, 293, 8880, 5427, 12028, 1839, 11796, 2712, 2080, 3084, 6795, 5746, 499, 12032, 15778, 80, 5109, 962, 2214, 318, 1247, 1389, 4341, 510, 488, 6301, 12895, 12953, 2619, 498]"
1665,"[2498, 2498]"
1666,[349]
1667,"[1798, 10660, 300, 300]"
1669,"[8429, 9076, 3416, 15443, 1226]"
1670,"[15974, 15974]"
1672,"[126, 1424, 3700, 18188, 962, 8676, 1062, 15639, 1957, 6374, 11352, 13646, 4117, 212, 1790, 13646, 611, 17901, 4058, 8676, 2264, 1098, 17873, 3366, 15991, 4444, 8706, 3614, 12205, 3920, 875, 13051, 3886, 11963, 618, 8595, 5412, 14745, 7264, 433, 8790, 709, 18158, 532, 16345, 3673, 12026, 2538, 611, 2538, 610, 16463, 216, 16463, 195, 562, 16055, 12918, 4863, 1504, 8230, 9498, 4092, 599, 12026, 608, 195, 3475, 3291, 59, 2402, 4085, 611, 12002, 6883, 16169, 7665, 12918, 12205, 10517, 13268, 3110, 18071, 606, 9727, 13174, 10105, 18634, 9481, 10522, 11155, 11155, 126, 12002, 13671, 2137, 7479, 53, 17067, 1639, 126, 10394, 8706, 8068, 12918, 608, 3109, 12123, 8706, 13162, 2136, 3614, 10391, 18188, 7665, 11286, 4199, 14936, 2672, 4307, 8068, 8582, 436, 4092, 4085, 4735, 11592, 15550, 4048, 5549, 4863, 608]"
1674,[472]
1675,[461]
1676,"[1090, 1090]"
1677,[2923]
1678,"[679, 679]"
1679,"[3084, 4874, 2154, 1048, 3308, 9242, 1091, 2936, 10092, 8369, 6374, 4558, 31, 1339, 16021, 709, 1336, 5090, 389, 11517, 3827, 515, 4874, 2128, 6560, 2091, 2798, 2116, 8350, 1301, 230, 2383, 51, 878, 15569, 7187, 424, 11087, 1919, 388, 16017, 7947, 16973, 6237, 14840, 7775, 1296, 1181, 5580, 182, 2116, 1195, 3188, 1321, 2785, 4821, 13754, 7180, 1410, 1293, 599, 13995, 8149, 1700, 5065, 1977, 6182, 16902, 9263, 227, 1066, 377, 1977, 509, 8912, 10235, 704, 4135, 367, 5653, 8298]"
1682,[2839]
1683,"[1045, 3200, 945, 261]"
1684,[455]
1686,"[229, 307, 424, 5027, 1556]"
1688,"[154, 12023]"
1689,"[10202, 2672, 16059, 2521]"
1690,"[67, 8283, 906, 298, 1243, 16061, 12013, 298]"
1694,"[14534, 5735, 1107, 2614, 154, 419, 1517, 3164, 1633, 13010, 1515, 572, 1873, 1738, 856, 9132, 2121, 403, 229, 8418, 1514, 446, 1107, 757, 4311, 471, 182, 1400, 1385, 5429, 7515]"
1699,"[3316, 329, 4686, 16111, 475, 329]"
1700,"[2167, 2854, 2894, 126, 613, 17181, 98, 15559, 8808, 16127, 861, 5028, 630, 4494, 6137, 8232, 7029, 2602, 3861, 18229, 7227, 9352, 13168, 4734, 6213, 1230, 7683, 7353, 735, 6425, 88, 12918, 5172, 2786, 18330, 8201, 103, 18724, 16133, 6160, 610, 7809, 2419, 2265, 18401, 10719, 1119, 418, 2691, 1418, 715, 8219, 1848, 14019, 5982, 1128, 14740, 4113, 2853, 613]"
1701,[10613]
1702,"[1412, 562, 2857, 3471, 9347, 1425, 9347, 3426, 15986, 5902, 11501, 730, 12637, 12671, 163, 951, 3011, 18117, 9429, 599, 9424, 17932, 3230]"
1703,[230]
1705,"[227, 554]"
1706,"[978, 7615, 7615]"
1707,"[4194, 982, 854, 1527, 10537, 9468]"
1708,"[534, 227, 10657, 18655, 709, 15771, 4153, 511, 7194, 2346, 227, 10657, 51, 227, 59, 3299, 4153, 7076, 6789, 59, 683, 217, 235, 1824]"
1710,"[17432, 16200, 17420, 12976, 420, 5791, 16199, 6966, 1491, 17189, 16187, 17192, 10486, 16196, 11030, 16203, 16195]"
1711,"[3279, 1643, 89, 857, 679, 4111, 857, 7661, 6458, 58, 1089, 4810, 11230]"
1712,"[1812, 9344, 614, 614, 9344, 856, 1131]"
1717,[289]
1718,"[11887, 3171, 3126]"
1723,"[24, 3413, 9338, 19, 1303, 4875, 1770, 1731, 32, 5480, 11897, 1886, 1303, 3280, 59, 3884, 32, 3287, 15603, 193, 3413, 2535]"
1725,[906]
1726,[289]
1727,[8233]
1728,"[190, 1072, 535, 535, 2783, 533, 182, 65, 53, 3832, 72, 72, 203, 2783, 4609, 154]"
1730,"[292, 3198, 89, 2428, 1246, 1062, 288, 11518, 4706, 14455, 1398, 17661, 182, 10460, 5027, 8195, 2083, 6008, 11518, 641, 300, 546, 1505, 599, 1505, 58, 604, 292, 757, 886, 8589]"
1731,"[16364, 16364, 16364]"
1732,[16368]
1734,"[1604, 2783, 462, 1388, 462, 912, 912]"
1736,[1889]
1743,"[2214, 1196, 1557, 4935]"
1744,"[16412, 16412]"
1746,"[2614, 2614, 601, 601]"
1748,"[517, 2954]"
1749,[683]
1754,"[1344, 3264, 5105, 1369]"
1755,"[10561, 7475]"
1757,"[18511, 1585, 374, 14801, 5149, 349, 16491, 89, 314, 430, 2614, 4024, 378, 525, 386, 914, 4561, 907, 525, 5058, 88, 4024, 291, 292, 1874, 378, 532, 475, 329, 5058, 257, 312, 1377, 184, 6567]"
1758,[16497]
1759,"[198, 512, 1044, 6133, 2698, 510, 1119, 1116]"
1760,"[441, 56, 854, 1464, 4249, 1179, 7530]"
1761,"[15675, 15675, 15675, 15675]"
1762,[16524]
1765,"[311, 56, 691]"
1766,"[292, 699]"
1768,[16563]
1771,"[6453, 318, 234, 7, 67]"
1774,"[1863, 14286, 5718, 16591, 6659, 864, 233, 10579, 3189, 522, 10979, 13347]"
1777,"[13190, 13182, 1075, 13182, 2138, 1075, 1084, 187, 16624, 389, 13185, 13182, 1000, 13202, 13189, 13182, 13202, 16617]"
1780,[461]
1781,"[2347, 630, 2027, 994, 6400, 9702, 8262, 533]"
1782,[680]
1783,"[207, 207, 614, 6950]"
1789,"[3255, 8591, 13738, 13738]"
1791,[701]
1792,"[16532, 3778, 3019, 163, 959, 3809, 14960, 176, 7047, 959, 959, 3470, 1175, 2742, 1358, 4251, 585, 607, 7047, 13123, 1124, 7047, 15985, 227, 868, 918, 8126, 4126, 3481, 16532, 4784, 1411, 14378, 1415]"
1793,"[2254, 7811, 18653, 2222]"
1794,[16713]
1795,"[97, 228, 440, 1518, 331, 302, 288]"
1796,[1246]
1797,"[423, 2130, 7177]"
1799,[288]
1800,"[15564, 72, 72, 72, 15564, 4025, 1394, 1401, 486, 15564, 15564]"
1802,[899]
1803,"[16767, 16763]"
1804,"[708, 2080, 2080]"
1805,"[16778, 16778, 16778]"
1809,[28]
1813,"[352, 464, 2435, 89, 352]"
1816,"[430, 3391, 7123, 7123, 4714, 3719]"
1819,[13579]
1820,[531]
1822,"[1645, 13246, 4194, 16875, 16883, 16875]"
1824,"[1632, 582, 1958, 859, 562, 190, 622, 3024, 1369, 15994, 154, 1415, 1504, 1412, 868, 13270, 618, 7056, 16892]"
1825,"[172, 89, 16895, 2251]"
1826,[1295]
1827,[6871]
1828,[3330]
1830,"[903, 903, 1145, 1044]"
1831,[16915]
1832,"[1098, 959, 5414, 1239, 1424, 423, 562, 526, 1983, 227, 1609, 5547, 1639, 418, 215, 423, 3411, 2535, 1971, 2602, 1098, 2277, 3057, 438, 207, 366, 416, 599, 3026, 735, 5480, 703, 70, 58, 8710, 182, 1990, 3110, 2602, 56, 683, 1098, 4118, 4118, 420, 3298, 1486, 208, 748, 959, 1424, 3475, 562, 3707, 437, 1414, 2591, 4435, 154, 238, 2821, 88, 1414, 733, 1512, 88, 65, 1512, 422, 3057, 366, 3475, 858, 1632, 703, 439, 689, 887, 56, 898, 418, 419, 1971, 227, 64, 1398, 599, 1609, 182, 3057, 863, 226, 858, 203, 733, 1486]"
1835,"[75, 72]"
1838,[67]
1840,[5787]
1841,[16964]
1844,"[59, 1014]"
1845,"[599, 689, 12911]"
1846,"[2478, 17010, 982, 288, 1468, 292, 1239, 1242, 321, 2459]"
1847,[17011]
1848,"[13879, 17058, 17054, 17062, 14476, 5478]"
1850,"[660, 89, 55, 289, 352, 886, 530, 11717, 660, 265, 89, 265, 2521, 67, 2801, 65]"
1851,"[908, 325, 318, 908, 1458, 686, 461, 325, 318, 318, 344, 300]"
1852,[14925]
1853,[10569]
1854,"[17125, 12441, 17102, 12435, 12454, 12450, 12435, 12450, 17136, 17125, 17096, 17096, 17106, 12443]"
1855,"[3373, 716]"
1856,"[2523, 2022]"
1858,[2838]
1859,[17153]
1860,"[2343, 13291, 2742, 1374, 1645, 14092, 28, 1412, 14305, 4787, 1350, 176, 957, 1531, 3809, 942, 1524, 1264, 1528, 1809]"
1861,"[200, 4272, 9997, 15918, 17943, 15643, 9448, 14114, 6657, 3032, 3536, 10742, 14114, 85, 11005, 6048, 17185, 3431, 18503, 2482, 562, 18166, 857, 6048, 17186, 5420, 3359, 13612, 11042, 11036, 1134, 18166, 18502, 608, 857, 4129, 11034, 581, 7525, 15206, 2281, 14110, 14114, 12096, 11994, 7076, 14115, 17953, 11005, 10676, 6169, 2640, 16334, 4092, 4093, 8930, 15204, 14111, 212, 18481, 18481, 162, 3450, 3531]"
1865,"[2623, 17227, 17228, 1547, 2664, 9144, 11258, 5583, 10982, 1104, 3545]"
1868,[706]
1869,"[288, 285]"
1871,"[332, 301, 17286]"
1874,"[13456, 7013, 619, 11826, 8182, 753, 619, 1950, 772]"
1875,"[714, 632, 159, 5480, 763, 7183, 11588, 3716, 195]"
1877,[10722]
1879,"[12918, 512, 576, 1104, 233, 1701, 10040, 6325, 881, 1090, 7265, 843, 2609, 5845, 11477, 785, 920, 1131, 3481, 3691, 506, 245, 1701]"
1880,[7750]
1881,"[3763, 55, 7821]"
1882,"[18454, 7759, 3141, 17333, 2059, 17363, 17335, 17338, 15457, 17338, 18454, 17370, 17338, 17336, 17336, 17363, 17363, 7759, 17335, 17120, 17335, 17335]"
1883,"[17324, 13443, 15860, 17320, 6531, 3511, 4880, 9245, 4092, 13671, 11897, 17561, 16344, 8672, 7876, 8369, 17783]"
1885,"[10618, 1994, 2608, 6048, 17386, 7890, 1383, 6178, 162, 432, 9336, 17387, 103, 3720]"
1887,[13935]
1889,"[4784, 8794, 2796, 959, 2861, 4124, 562]"
1890,"[17424, 8309, 2179, 278, 1249, 17437, 2179]"
1891,[17450]
1894,"[327, 89]"
1895,"[913, 17471, 498, 17472, 302, 2523, 289, 67]"
1899,"[378, 1098, 291, 1098, 1243, 291, 291, 81, 961]"
1900,"[10753, 5550, 1895, 1083, 2567, 3413, 2638, 3469, 5785, 10794, 17648, 15361, 8837, 58, 9469, 227, 159]"
1904,"[2786, 4447, 7286, 7281]"
1905,[17507]
1907,"[17515, 16666, 17516, 3426, 17511, 2668, 1832, 16666, 17510, 17511, 17529, 17523, 16666, 95, 10157, 17522, 17515, 7480]"
1908,"[2022, 292]"
1909,"[292, 172]"
1911,[1553]
1912,[2252]
1914,"[625, 13338, 2265, 14015, 16885, 982, 3739, 207, 3482, 13338, 17568, 7248, 569, 13133, 14061, 14015, 7410, 9716, 7800, 2029, 13123, 709, 6958, 4521, 1242, 9435, 9338, 11675, 9825, 8314, 17934, 3071, 7912, 734, 2629, 9426, 2265, 17568]"
1917,[2915]
1918,[17613]
1919,"[2133, 228]"
1920,"[486, 481, 486, 2130]"
1921,[2940]
1922,"[196, 5414]"
1924,[1580]
1925,"[5922, 1183, 4168, 6850, 3362, 4996, 6440]"
1926,"[1771, 1427, 2542, 1081, 3411, 12002, 2616, 3502, 10738, 3109, 12002, 16361, 64]"
1928,"[1694, 1834, 2301]"
1929,"[956, 3915, 18740, 6680, 10663, 863, 2347, 5553, 9598, 2609, 4073, 1857, 1534, 41, 5467, 2463, 1146, 4132, 4922, 359, 5917, 1246, 1320, 17084, 4674, 4089, 9324, 182, 1243, 9543, 3386, 14511, 3440, 5087, 7160, 1875, 1076, 1464, 2792, 6871, 9860, 1292, 995, 2698, 3558, 6677, 1370, 7407, 2558, 6316, 2418, 1002, 10370, 9945, 229, 9147, 11930, 728, 2408, 7406, 10174, 12817, 12070, 2, 4880, 2420, 8010, 13397, 947, 18081, 10191, 2788, 511, 952, 3259, 617, 6547, 1270, 209, 1409, 249, 9669, 49, 9577, 4618, 12243, 1313, 510, 8649, 9324, 631, 546, 9162, 3476, 7096, 4420, 311, 808]"
1930,"[12801, 6748, 6994, 12802]"
1931,"[5950, 227, 2681, 2614, 2538, 324, 432, 1384, 1155, 2818, 9485]"
1934,"[2097, 17725, 3554, 10233, 14324, 3490, 374, 17712, 4980, 2102, 17712, 17720, 5083, 17712, 1857, 3552, 1857, 2086, 10233, 10233, 15325, 5563, 2097, 374, 375, 375, 2115]"
1935,"[1672, 966]"
1936,[227]
1937,[250]
1938,"[8016, 6836, 959, 222, 6836, 217, 217, 440, 217, 217, 6836, 6836]"
1941,"[1043, 4468, 17787, 1201, 227, 13468]"
1942,[1014]
1944,[3660]
1946,[4147]
1947,"[1151, 1239, 703, 1131, 1239]"
1948,"[2462, 4817, 4817]"
1950,"[2435, 4732, 233, 4308]"
1951,"[10955, 6452, 440, 6773, 3615]"
1954,"[295, 331, 298, 292]"
1957,"[1596, 4435, 3164, 540, 173, 2632, 3164, 14614, 233, 1450, 1105, 1450]"
1958,"[3279, 13158, 2552, 6374, 441, 6376, 1883, 3333, 3011, 18737, 59, 1883, 1895, 1803, 433, 2480, 9292, 1013, 17887, 193, 95]"
1959,[89]
1962,"[1896, 59, 1062, 1031, 17900, 6586, 8657, 6847, 12165, 15551, 7649, 84, 2271, 8705, 17904]"
1963,"[317, 291, 466, 295, 6262, 1051, 1121, 89]"
1964,[15955]
1965,"[16166, 18660, 10027, 1486, 511, 388, 3598, 10926, 11577, 497, 209, 1556, 16160, 8178, 497, 17723, 14434, 10872, 6621, 12013, 2977, 6288, 8076, 6315, 1031, 17714, 1819, 3796, 7288, 8781, 7677, 2106, 4878, 174, 3067, 8789, 1034, 524, 9200, 4705, 18067, 11819, 16166, 4713, 9570, 18665, 7268]"
1968,"[4800, 2789, 2919, 710]"
1969,[1959]
1971,"[1261, 1522, 10768, 1369]"
1972,[17955]
1973,"[296, 265, 3198, 292, 1114, 3502, 701, 257, 3947]"
1974,"[13932, 7934, 795, 1154, 2086, 2391, 3193, 7926, 1154, 4183, 962, 7532, 11498, 11139, 1919, 4565, 10901, 1112, 787, 17958, 3193, 10900, 1246, 234]"
1975,"[10002, 10002, 1943, 1943, 9520, 766, 11789, 17971, 17966, 11520, 1238, 17960, 1946, 1943]"
1976,[17978]
1977,"[154, 632, 418, 418, 1098, 1708, 154, 1098, 6048, 152]"
1978,"[918, 2834, 841, 4460, 956, 951, 1358, 2360, 1803, 2343, 706, 918, 4460, 918, 2347, 10584, 2347, 1249]"
1979,"[340, 340]"
1981,"[11910, 154, 18009, 14359, 3945, 1407, 1730, 9318, 4073, 156, 2544, 5048, 159, 10327, 1377, 17139, 65, 18004, 2554, 1941, 4177, 3171, 1730]"
1982,"[1109, 1555]"
1983,"[7620, 701, 701]"
1984,"[2623, 188]"
1987,[163]
1989,"[18033, 18049, 697, 18029, 18035, 11020, 73, 727, 17752, 17985, 18055, 18039, 18059, 7837, 18039, 151, 15679, 71, 15679, 11723, 18030, 727, 18039, 11020, 15675]"
1990,"[1952, 1952]"
1992,"[5233, 1383, 154]"
1993,[14221]
1994,"[620, 13716]"
1995,"[3057, 2738, 17045, 10491, 17045, 17933, 3057]"
1996,"[15108, 16562, 15457, 8114]"
1999,[757]
2003,"[4108, 5709, 5475, 26, 632, 5709, 767, 6048, 64, 3536, 6048, 9504, 9672, 15880, 5707, 15880, 3280, 6760, 3411, 2531, 5581, 6582, 26, 16910, 8533, 2531, 17458]"
2005,[18161]
2006,"[18194, 18204]"
2007,"[1527, 1131, 15037, 2851, 13727, 1527]"
2009,"[2632, 3057, 440, 1097, 182, 4704]"
2010,"[6198, 6424, 1714, 2330, 6198]"
2013,[182]
2014,"[2048, 5929, 3777, 396, 1534, 1843, 100, 16503, 7929, 9869, 159, 985]"
2016,"[5475, 981, 18232, 18229, 58, 18241, 16745, 18229, 981, 18229, 5478, 18232, 18233, 5182, 18229, 12319, 18242, 16745, 18230]"
2017,"[1401, 1398, 1401, 1405]"
2018,"[289, 681, 296, 288]"
2019,"[18664, 689, 180, 8729, 2019, 5427, 18268, 705, 9433, 3321, 9724, 18264, 622, 246, 17895, 2792, 4493, 8047, 18267, 11806, 4380]"
2021,"[5268, 7340, 11239, 15146, 7904, 7183, 354, 321, 12561, 532, 5752, 1379, 6726, 1376, 461, 3577, 2977, 14389, 1440, 10989, 9424, 4089, 325, 12183, 1613, 1243, 7932, 797, 1696, 18321]"
2027,"[1045, 18313, 1239, 18305]"
2029,"[233, 233, 233]"
2030,"[11480, 22, 389, 5180, 16022, 4917, 5446, 511, 3616, 11483, 2226, 1795, 273, 10524, 6759, 1349, 3371, 8445, 4562, 3068, 2060, 15965, 11203, 15315, 6045, 11064, 8830, 17583, 506, 299, 14024, 858, 271, 2317, 6945, 4548, 3488, 8838, 2242, 1810, 53, 427, 13164, 3314, 1858]"
2031,"[292, 911]"
2032,"[2521, 289, 331, 285]"
2033,[89]
2036,"[1747, 1176, 183, 5241]"
2037,[1601]
2038,[693]
2040,[344]
2043,"[6773, 3616]"
2044,"[18371, 18371, 18371, 18371, 18371]"
2046,"[6257, 930]"
2047,"[2605, 2605]"
2048,[9699]
2051,"[18424, 18424]"
2053,"[824, 4286, 837, 4319, 824, 2664, 811, 930, 14727, 503, 16427, 953]"
2055,"[77, 1810, 954, 2834, 5, 12219, 1899, 4494]"
2060,[2966]
2061,"[386, 349, 11510, 680, 1803]"
2062,"[3749, 6252]"
2065,"[701, 701]"
2066,"[504, 18527]"
2067,"[8459, 18545, 18530, 4937]"
2068,"[2546, 3184]"
2069,"[288, 227, 701, 6865, 2346, 718]"
2071,"[485, 484, 9387, 8375, 161, 2390, 913, 792]"
2076,[1098]
2077,"[1249, 9266, 1376, 4541]"
2079,"[465, 289]"
2081,"[3617, 430, 3617]"
2083,[18599]
2087,[486]
2088,[1772]
2090,"[13347, 18630, 18636]"
2091,"[4316, 16478]"
2092,[1515]
2094,"[307, 5266, 2456]"
2095,"[9043, 2316]"
2096,"[706, 444, 3129, 11234, 1075, 70, 126, 173, 173, 432, 7327, 1112, 8749, 237, 1243, 2478, 3280, 55, 859, 5475, 1103, 1505, 620, 209, 1104, 14523, 3501, 2343, 1246, 441, 18513, 3047, 220, 72]"
2099,"[18715, 748, 3019, 18708, 6581, 10519, 17294, 18719, 6045, 16215]"
2100,[8322]
